Workbook

Sheet Các loại báo cáo
B1: DANH SÁCH CÁC LOẠI BÁO CÁO CỬA DỰ ÁN
A3: STT | B3: Loại báo cáo | C3: Cấp độ | D3: Thời điểm xuất báo cáo
A5: 1 | B5: Báo cáo hoạt động và chỉ số | C5: Báo cáo CBO | D5: hàng tháng, 3 tháng, 6 tháng, 12 tháng
C6: Báo cáo tỉnh | D6: 3 tháng, 6 tháng, 12 tháng
C7: Báo cáo toàn dự án | D7: 6 tháng, 12 tháng
A8: 2 | B8: Báo cáo kết quả, chỉ số đột xuất | C8: Toàn dự án | D8: Theo yêu cầu của chương trình

Sheet Về nhà
C2: BÁO CÁO KẾT QUẢ HOẠT ĐỘNG
C3: Kỳ báo cáo: | F3: Tính theo nhóm KP hay nam/nữ/TG? | K3: Loại báo cáo
B4: # | C4: Thông tin báo cáo | E4: Tổng | F4: PUD | G4: PLHIV | H4: TG | I4: SW | J4: MSM | K4: Tháng | L4: Quý | M4: 6T | N4: 12T | O4: Nguồn số liệu | P4: Notes
B5: I | C5: THÔNG TIN CHUNG
B6: 1 | C6: Tổng số KH được chăm sóc từ đầu dự án | E6: {=SUMPRODUCT((DREAMH!$D$2:$D$766="Về nhà")*(DREAMH!$B$2:$B$766=""))} -> 153 | F6: {=SUMPRODUCT((DREAMH!$D$2:$D$766="Về nhà")*(DREAMH!$B$2:$B$766="")*(INDEX(DREAMH!$K$2:$K$766,MATCH(DREAMH!$A$2:$A$766,DREAMH!$A$2:$A$766,0))="Người sử dụng ma túy (PUD)"))} -> 77 | G6: {=SUMPRODUCT((DREAMH!$D$2:$D$766="Về nhà")*(DREAMH!$B$2:$B$766="")*(INDEX(DREAMH!$K$2:$K$766,MATCH(DREAMH!$A$2:$A$766,DREAMH!$A$2:$A$766,0))="Người sống chung với HIV (PLHIV)"))} -> 46 | H6: {=SUMPRODUCT((DREAMH!$D$2:$D$766="Về nhà")*(DREAMH!$B$2:$B$766="")*(INDEX(DREAMH!$K$2:$K$766,MATCH(DREAMH!$A$2:$A$766,DREAMH!$A$2:$A$766,0))="Người chuyển giới (TG)"))} -> 0 | I6: {=SUMPRODUCT((DREAMH!$D$2:$D$766="Về nhà")*(DREAMH!$B$2:$B$766="")*(INDEX(DREAMH!$K$2:$K$766,MATCH(DREAMH!$A$2:$A$766,DREAMH!$A$2:$A$766,0))="Người bán dâm (SW)"))} -> 29 | J6: {=SUMPRODUCT((DREAMH!$D$2:$D$766="Về nhà")*(DREAMH!$B$2:$B$766="")*(INDEX(DREAMH!$K$2:$K$766,MATCH(DREAMH!$A$2:$A$766,DREAMH!$A$2:$A$766,0))="Nam quan hệ tình dục đồng giới (MSM)"))} -> 1 | L6: x | M6: x | N6: x | O6: Dữ liệu từ các biểu mẫu (KH nhận bất cứ dịch vụ gì)
B7: 2 | C7: Tổng số KH được chăm sóc trong kỳ báo cáo | E7: {=SUMPRODUCT((DREAMH!$D$2:$D$766="Về nhà")*(DREAMH!$B$2:$B$766=""))} -> 153 | F7: {=SUMPRODUCT((DREAMH!$D$2:$D$766="Về nhà")*(DREAMH!$B$2:$B$766="")*(INDEX(DREAMH!$K$2:$K$766,MATCH(DREAMH!$A$2:$A$766,DREAMH!$A$2:$A$766,0))="Người sử dụng ma túy (PUD)"))} -> 77 | G7: {=SUMPRODUCT((DREAMH!$D$2:$D$766="Về nhà")*(DREAMH!$B$2:$B$766="")*(INDEX(DREAMH!$K$2:$K$766,MATCH(DREAMH!$A$2:$A$766,DREAMH!$A$2:$A$766,0))="Người sống chung với HIV (PLHIV)"))} -> 46 | H7: {=SUMPRODUCT((DREAMH!$D$2:$D$766="Về nhà")*(DREAMH!$B$2:$B$766="")*(INDEX(DREAMH!$K$2:$K$766,MATCH(DREAMH!$A$2:$A$766,DREAMH!$A$2:$A$766,0))="Người chuyển giới (TG)"))} -> 0 | I7: {=SUMPRODUCT((DREAMH!$D$2:$D$766="Về nhà")*(DREAMH!$B$2:$B$766="")*(INDEX(DREAMH!$K$2:$K$766,MATCH(DREAMH!$A$2:$A$766,DREAMH!$A$2:$A$766,0))="Người bán dâm (SW)"))} -> 29 | J7: {=SUMPRODUCT((DREAMH!$D$2:$D$766="Về nhà")*(DREAMH!$B$2:$B$766="")*(INDEX(DREAMH!$K$2:$K$766,MATCH(DREAMH!$A$2:$A$766,DREAMH!$A$2:$A$766,0))="Nam quan hệ tình dục đồng giới (MSM)"))} -> 1 | K7: x | L7: x | M7: x | N7: x | O7: Dữ liệu từ các biểu mẫu (KH nhận bất cứ dịch vụ gì)
B8: 3 | C8: Số KH mất dấu trong kỳ báo cáo | E8: {=SUMPRODUCT((DREAMH!$D$2:$D$766="Về nhà")*(DREAMH!$B$2:$B$766="F9. Theo dấu khách hàng")*(DREAMH!$JA$2:$JA$766="Chọn"))} -> 0 | F8: {=SUMPRODUCT((DREAMH!$D$2:$D$766="Về nhà")*(DREAMH!$B$2:$B$766="F9. Theo dấu khách hàng")*(DREAMH!$JA$2:$JA$766="Chọn")*(INDEX(DREAMH!$K$2:$K$766,MATCH(DREAMH!$A$2:$A$766,DREAMH!$A$2:$A$766,0))="Người sử dụng ma túy (PUD)"))} -> 0 | G8: {=SUMPRODUCT((DREAMH!$D$2:$D$766="Về nhà")*(DREAMH!$B$2:$B$766="F9. Theo dấu khách hàng")*(DREAMH!$JA$2:$JA$766="Chọn")*(INDEX(DREAMH!$K$2:$K$766,MATCH(DREAMH!$A$2:$A$766,DREAMH!$A$2:$A$766,0))="Người sống chung với HIV (PLHIV)"))} -> 0 | H8: {=SUMPRODUCT((DREAMH!$D$2:$D$766="Về nhà")*(DREAMH!$B$2:$B$766="F9. Theo dấu khách hàng")*(DREAMH!$JA$2:$JA$766="Chọn")*(INDEX(DREAMH!$K$2:$K$766,MATCH(DREAMH!$A$2:$A$766,DREAMH!$A$2:$A$766,0))="Người chuyển giới (TG)"))} -> 0 | I8: {=SUMPRODUCT((DREAMH!$D$2:$D$766="Về nhà")*(DREAMH!$B$2:$B$766="F9. Theo dấu khách hàng")*(DREAMH!$JA$2:$JA$766="Chọn")*(INDEX(DREAMH!$K$2:$K$766,MATCH(DREAMH!$A$2:$A$766,DREAMH!$A$2:$A$766,0))="Người bán dâm (SW)"))} -> 0 | J8: {=SUMPRODUCT((DREAMH!$D$2:$D$766="Về nhà")*(DREAMH!$B$2:$B$766="F9. Theo dấu khách hàng")*(DREAMH!$JA$2:$JA$766="Chọn")*(INDEX(DREAMH!$K$2:$K$766,MATCH(DREAMH!$A$2:$A$766,DREAMH!$A$2:$A$766,0))="Nam quan hệ tình dục đồng giới (MSM)"))} -> 0 | L8: x | M8: x | N8: x | O8: Dữ liệu từ biểu mẫu theo dấu KH | P8: Ghi nhận những KH được tính là mất dấu và được nhập liệu trên Redcap
B9: II | C9: HOẠT ĐỘNG TRUYỀN THÔNG
B10: 1 | C10: Số KH được tham gia truyền thông lần 1 | E10: {=SUMPRODUCT((DREAMH!$D$2:$D$766="Về nhà")*(DREAMH!$B$2:$B$766="F2. Truyền thông, sinh hoạt nhóm, vòng tròn chia sẻ, trị liệu nghệ thuật")*(DREAMH!$AA$2:$AA$766="Truyền thông")*(DREAMH!$C$2:$C$766=1))} -> 149 | F10: {=SUMPRODUCT((DREAMH!$D$2:$D$766="Về nhà")*(DREAMH!$B$2:$B$766="F2. Truyền thông, sinh hoạt nhóm, vòng tròn chia sẻ, trị liệu nghệ thuật")*(DREAMH!$AA$2:$AA$766="Truyền thông")*(DREAMH!$C$2:$C$766=1)*(INDEX(DREAMH!$K$2:$K$766,MATCH(DREAMH!$A$2:$A$766,DREAMH!$A$2:$A$766,0))="Người sử dụng ma túy (PUD)"))} -> 75 | G10: {=SUMPRODUCT((DREAMH!$D$2:$D$766="Về nhà")*(DREAMH!$B$2:$B$766="F2. Truyền thông, sinh hoạt nhóm, vòng tròn chia sẻ, trị liệu nghệ thuật")*(DREAMH!$AA$2:$AA$766="Truyền thông")*(DREAMH!$C$2:$C$766=1)*(INDEX(DREAMH!$K$2:$K$766,MATCH(DREAMH!$A$2:$A$766,DREAMH!$A$2:$A$766,0))="Người sống chung với HIV (PLHIV)"))} -> 45 | H10: {=SUMPRODUCT((DREAMH!$D$2:$D$766="Về nhà")*(DREAMH!$B$2:$B$766="F2. Truyền thông, sinh hoạt nhóm, vòng tròn chia sẻ, trị liệu nghệ thuật")*(DREAMH!$AA$2:$AA$766="Truyền thông")*(DREAMH!$C$2:$C$766=1)*(INDEX(DREAMH!$K$2:$K$766,MATCH(DREAMH!$A$2:$A$766,DREAMH!$A$2:$A$766,0))="Người chuyển giới (TG)"))} -> 0 | I10: {=SUMPRODUCT((DREAMH!$D$2:$D$766="Về nhà")*(DREAMH!$B$2:$B$766="F2. Truyền thông, sinh hoạt nhóm, vòng tròn chia sẻ, trị liệu nghệ thuật")*(DREAMH!$AA$2:$AA$766="Truyền thông")*(DREAMH!$C$2:$C$766=1)*(INDEX(DREAMH!$K$2:$K$766,MATCH(DREAMH!$A$2:$A$766,DREAMH!$A$2:$A$766,0))="Người bán dâm (SW)"))} -> 28 | J10: {=SUMPRODUCT((DREAMH!$D$2:$D$766="Về nhà")*(DREAMH!$B$2:$B$766="F2. Truyền thông, sinh hoạt nhóm, vòng tròn chia sẻ, trị liệu nghệ thuật")*(DREAMH!$AA$2:$AA$766="Truyền thông")*(DREAMH!$C$2:$C$766=1)*(INDEX(DREAMH!$K$2:$K$766,MATCH(DREAMH!$A$2:$A$766,DREAMH!$A$2:$A$766,0))="Nam quan hệ tình dục đồng giới (MSM)"))} -> 1 | K10: x | L10: x | M10: x | N10: x | O10: Dữ liệu từ biểu mẫu truyền thông
B11: 2 | C11: Số KH được tham gia truyền thông lần 2 | E11: {=SUMPRODUCT((DREAMH!$D$2:$D$766="Về nhà")*(DREAMH!$B$2:$B$766="F2. Truyền thông, sinh hoạt nhóm, vòng tròn chia sẻ, trị liệu nghệ thuật")*(DREAMH!$AA$2:$AA$766="Truyền thông")*(DREAMH!$C$2:$C$766=2))} -> 0 | F11: {=SUMPRODUCT((DREAMH!$D$2:$D$766="Về nhà")*(DREAMH!$B$2:$B$766="F2. Truyền thông, sinh hoạt nhóm, vòng tròn chia sẻ, trị liệu nghệ thuật")*(DREAMH!$AA$2:$AA$766="Truyền thông")*(DREAMH!$C$2:$C$766=2)*(INDEX(DREAMH!$K$2:$K$766,MATCH(DREAMH!$A$2:$A$766,DREAMH!$A$2:$A$766,0))="Người sử dụng ma túy (PUD)"))} -> 0 | G11: {=SUMPRODUCT((DREAMH!$D$2:$D$766="Về nhà")*(DREAMH!$B$2:$B$766="F2. Truyền thông, sinh hoạt nhóm, vòng tròn chia sẻ, trị liệu nghệ thuật")*(DREAMH!$AA$2:$AA$766="Truyền thông")*(DREAMH!$C$2:$C$766=2)*(INDEX(DREAMH!$K$2:$K$766,MATCH(DREAMH!$A$2:$A$766,DREAMH!$A$2:$A$766,0))="Người sống chung với HIV (PLHIV)"))} -> 0 | H11: {=SUMPRODUCT((DREAMH!$D$2:$D$766="Về nhà")*(DREAMH!$B$2:$B$766="F2. Truyền thông, sinh hoạt nhóm, vòng tròn chia sẻ, trị liệu nghệ thuật")*(DREAMH!$AA$2:$AA$766="Truyền thông")*(DREAMH!$C$2:$C$766=2)*(INDEX(DREAMH!$K$2:$K$766,MATCH(DREAMH!$A$2:$A$766,DREAMH!$A$2:$A$766,0))="Người chuyển giới (TG)"))} -> 0 | I11: {=SUMPRODUCT((DREAMH!$D$2:$D$766="Về nhà")*(DREAMH!$B$2:$B$766="F2. Truyền thông, sinh hoạt nhóm, vòng tròn chia sẻ, trị liệu nghệ thuật")*(DREAMH!$AA$2:$AA$766="Truyền thông")*(DREAMH!$C$2:$C$766=2)*(INDEX(DREAMH!$K$2:$K$766,MATCH(DREAMH!$A$2:$A$766,DREAMH!$A$2:$A$766,0))="Người bán dâm (SW)"))} -> 0 | J11: {=SUMPRODUCT((DREAMH!$D$2:$D$766="Về nhà")*(DREAMH!$B$2:$B$766="F2. Truyền thông, sinh hoạt nhóm, vòng tròn chia sẻ, trị liệu nghệ thuật")*(DREAMH!$AA$2:$AA$766="Truyền thông")*(DREAMH!$C$2:$C$766=2)*(INDEX(DREAMH!$K$2:$K$766,MATCH(DREAMH!$A$2:$A$766,DREAMH!$A$2:$A$766,0))="Nam quan hệ tình dục đồng giới (MSM)"))} -> 0 | K11: x | L11: x | M11: x | N11: x
B12: 3 | C12: Tổng số lượt KH tham gia truyền thông | E12: {=SUMPRODUCT((DREAMH!$D$2:$D$766="Về nhà")*(DREAMH!$B$2:$B$766="F2. Truyền thông, sinh hoạt nhóm, vòng tròn chia sẻ, trị liệu nghệ thuật")*(DREAMH!$AA$2:$AA$766="Truyền thông"))} -> 149 | F12: {=SUMPRODUCT((DREAMH!$D$2:$D$766="Về nhà")*(DREAMH!$B$2:$B$766="F2. Truyền thông, sinh hoạt nhóm, vòng tròn chia sẻ, trị liệu nghệ thuật")*(DREAMH!$AA$2:$AA$766="Truyền thông")*(INDEX(DREAMH!$K$2:$K$766,MATCH(DREAMH!$A$2:$A$766,DREAMH!$A$2:$A$766,0))="Người sử dụng ma túy (PUD)"))} -> 75 | G12: {=SUMPRODUCT((DREAMH!$D$2:$D$766="Về nhà")*(DREAMH!$B$2:$B$766="F2. Truyền thông, sinh hoạt nhóm, vòng tròn chia sẻ, trị liệu nghệ thuật")*(DREAMH!$AA$2:$AA$766="Truyền thông")*(INDEX(DREAMH!$K$2:$K$766,MATCH(DREAMH!$A$2:$A$766,DREAMH!$A$2:$A$766,0))="Người sống chung với HIV (PLHIV)"))} -> 45 | H12: {=SUMPRODUCT((DREAMH!$D$2:$D$766="Về nhà")*(DREAMH!$B$2:$B$766="F2. Truyền thông, sinh hoạt nhóm, vòng tròn chia sẻ, trị liệu nghệ thuật")*(DREAMH!$AA$2:$AA$766="Truyền thông")*(INDEX(DREAMH!$K$2:$K$766,MATCH(DREAMH!$A$2:$A$766,DREAMH!$A$2:$A$766,0))="Người chuyển giới (TG)"))} -> 0 | I12: {=SUMPRODUCT((DREAMH!$D$2:$D$766="Về nhà")*(DREAMH!$B$2:$B$766="F2. Truyền thông, sinh hoạt nhóm, vòng tròn chia sẻ, trị liệu nghệ thuật")*(DREAMH!$AA$2:$AA$766="Truyền thông")*(INDEX(DREAMH!$K$2:$K$766,MATCH(DREAMH!$A$2:$A$766,DREAMH!$A$2:$A$766,0))="Người bán dâm (SW)"))} -> 28 | J12: {=SUMPRODUCT((DREAMH!$D$2:$D$766="Về nhà")*(DREAMH!$B$2:$B$766="F2. Truyền thông, sinh hoạt nhóm, vòng tròn chia sẻ, trị liệu nghệ thuật")*(DREAMH!$AA$2:$AA$766="Truyền thông")*(INDEX(DREAMH!$K$2:$K$766,MATCH(DREAMH!$A$2:$A$766,DREAMH!$A$2:$A$766,0))="Nam quan hệ tình dục đồng giới (MSM)"))} -> 1 | K12: x | L12: x | M12: x | N12: x
B13: III | C13: SÀNG LỌC BẢNG HỎI QST VÀ CHUYỂN GỬI KHÁM, ĐIỀU TRỊ SKTT | O13: Dữ liệu từ bảng hỏi QST
B14: 1 | C14: Số KH được sàng lọc bảng hỏi QST lần 1 | E14: {=SUMPRODUCT((DREAMH!$D$2:$D$766="Về nhà")*(DREAMH!$B$2:$B$766="F3. Bảng hỏi sàng lọc sức khoẻ tâm thần (QST)")*(DREAMH!$C$2:$C$766=1))} -> 134 | F14: {=SUMPRODUCT((DREAMH!$D$2:$D$766="Về nhà")*(DREAMH!$B$2:$B$766="F3. Bảng hỏi sàng lọc sức khoẻ tâm thần (QST)")*(DREAMH!$C$2:$C$766=1)*(INDEX(DREAMH!$K$2:$K$766,MATCH(DREAMH!$A$2:$A$766,DREAMH!$A$2:$A$766,0))="Người sử dụng ma túy (PUD)"))} -> 66 | G14: {=SUMPRODUCT((DREAMH!$D$2:$D$766="Về nhà")*(DREAMH!$B$2:$B$766="F3. Bảng hỏi sàng lọc sức khoẻ tâm thần (QST)")*(DREAMH!$C$2:$C$766=1)*(INDEX(DREAMH!$K$2:$K$766,MATCH(DREAMH!$A$2:$A$766,DREAMH!$A$2:$A$766,0))="Người sống chung với HIV (PLHIV)"))} -> 42 | H14: {=SUMPRODUCT((DREAMH!$D$2:$D$766="Về nhà")*(DREAMH!$B$2:$B$766="F3. Bảng hỏi sàng lọc sức khoẻ tâm thần (QST)")*(DREAMH!$C$2:$C$766=1)*(INDEX(DREAMH!$K$2:$K$766,MATCH(DREAMH!$A$2:$A$766,DREAMH!$A$2:$A$766,0))="Người chuyển giới (TG)"))} -> 0 | I14: {=SUMPRODUCT((DREAMH!$D$2:$D$766="Về nhà")*(DREAMH!$B$2:$B$766="F3. Bảng hỏi sàng lọc sức khoẻ tâm thần (QST)")*(DREAMH!$C$2:$C$766=1)*(INDEX(DREAMH!$K$2:$K$766,MATCH(DREAMH!$A$2:$A$766,DREAMH!$A$2:$A$766,0))="Người bán dâm (SW)"))} -> 25 | J14: {=SUMPRODUCT((DREAMH!$D$2:$D$766="Về nhà")*(DREAMH!$B$2:$B$766="F3. Bảng hỏi sàng lọc sức khoẻ tâm thần (QST)")*(DREAMH!$C$2:$C$766=1)*(INDEX(DREAMH!$K$2:$K$766,MATCH(DREAMH!$A$2:$A$766,DREAMH!$A$2:$A$766,0))="Nam quan hệ tình dục đồng giới (MSM)"))} -> 1 | K14: x | L14: x | M14: x | N14: x
C15: Kết quả sàng lọc QST lần đầu | D15: Mức 1 (>=8) | E15: {=SUMPRODUCT((DREAMH!$D$2:$D$766="Về nhà")*(DREAMH!$B$2:$B$766="F3. Bảng hỏi sàng lọc sức khoẻ tâm thần (QST)")*(DREAMH!$C$2:$C$766=1)*(DREAMH!$BC$2:$BC$766>=8))} -> 19 | F15: {=SUMPRODUCT((DREAMH!$D$2:$D$766="Về nhà")*(DREAMH!$B$2:$B$766="F3. Bảng hỏi sàng lọc sức khoẻ tâm thần (QST)")*(DREAMH!$C$2:$C$766=1)*(DREAMH!$BC$2:$BC$766>=8)*(INDEX(DREAMH!$K$2:$K$766,MATCH(DREAMH!$A$2:$A$766,DREAMH!$A$2:$A$766,0))="Người sử dụng ma túy (PUD)"))} -> 15 | G15: {=SUMPRODUCT((DREAMH!$D$2:$D$766="Về nhà")*(DREAMH!$B$2:$B$766="F3. Bảng hỏi sàng lọc sức khoẻ tâm thần (QST)")*(DREAMH!$C$2:$C$766=1)*(DREAMH!$BC$2:$BC$766>=8)*(INDEX(DREAMH!$K$2:$K$766,MATCH(DREAMH!$A$2:$A$766,DREAMH!$A$2:$A$766,0))="Người sống chung với HIV (PLHIV)"))} -> 4 | H15: {=SUMPRODUCT((DREAMH!$D$2:$D$766="Về nhà")*(DREAMH!$B$2:$B$766="F3. Bảng hỏi sàng lọc sức khoẻ tâm thần (QST)")*(DREAMH!$C$2:$C$766=1)*(DREAMH!$BC$2:$BC$766>=8)*(INDEX(DREAMH!$K$2:$K$766,MATCH(DREAMH!$A$2:$A$766,DREAMH!$A$2:$A$766,0))="Người chuyển giới (TG)"))} -> 0 | I15: {=SUMPRODUCT((DREAMH!$D$2:$D$766="Về nhà")*(DREAMH!$B$2:$B$766="F3. Bảng hỏi sàng lọc sức khoẻ tâm thần (QST)")*(DREAMH!$C$2:$C$766=1)*(DREAMH!$BC$2:$BC$766>=8)*(INDEX(DREAMH!$K$2:$K$766,MATCH(DREAMH!$A$2:$A$766,DREAMH!$A$2:$A$766,0))="Người bán dâm (SW)"))} -> 0 | J15: {=SUMPRODUCT((DREAMH!$D$2:$D$766="Về nhà")*(DREAMH!$B$2:$B$766="F3. Bảng hỏi sàng lọc sức khoẻ tâm thần (QST)")*(DREAMH!$C$2:$C$766=1)*(DREAMH!$BC$2:$BC$766>=8)*(INDEX(DREAMH!$K$2:$K$766,MATCH(DREAMH!$A$2:$A$766,DREAMH!$A$2:$A$766,0))="Nam quan hệ tình dục đồng giới (MSM)"))} -> 0 | K15: x | L15: x | M15: x | N15: x
D16: Mức 2 (6 - 7) | E16: {=SUMPRODUCT((DREAMH!$D$2:$D$766="Về nhà")*(DREAMH!$B$2:$B$766="F3. Bảng hỏi sàng lọc sức khoẻ tâm thần (QST)")*(DREAMH!$C$2:$C$766=1)*(DREAMH!$BC$2:$BC$766>=6)*(DREAMH!$BC$2:$BC$766<=7))} -> 39 | F16: {=SUMPRODUCT((DREAMH!$D$2:$D$766="Về nhà")*(DREAMH!$B$2:$B$766="F3. Bảng hỏi sàng lọc sức khoẻ tâm thần (QST)")*(DREAMH!$C$2:$C$766=1)*(DREAMH!$BC$2:$BC$766>=6)*(DREAMH!$BC$2:$BC$766<=7)*(INDEX(DREAMH!$K$2:$K$766,MATCH(DREAMH!$A$2:$A$766,DREAMH!$A$2:$A$766,0))="Người sử dụng ma túy (PUD)"))} -> 19 | G16: {=SUMPRODUCT((DREAMH!$D$2:$D$766="Về nhà")*(DREAMH!$B$2:$B$766="F3. Bảng hỏi sàng lọc sức khoẻ tâm thần (QST)")*(DREAMH!$C$2:$C$766=1)*(DREAMH!$BC$2:$BC$766>=6)*(DREAMH!$BC$2:$BC$766<=7)*(INDEX(DREAMH!$K$2:$K$766,MATCH(DREAMH!$A$2:$A$766,DREAMH!$A$2:$A$766,0))="Người sống chung với HIV (PLHIV)"))} -> 9 | H16: {=SUMPRODUCT((DREAMH!$D$2:$D$766="Về nhà")*(DREAMH!$B$2:$B$766="F3. Bảng hỏi sàng lọc sức khoẻ tâm thần (QST)")*(DREAMH!$C$2:$C$766=1)*(DREAMH!$BC$2:$BC$766>=6)*(DREAMH!$BC$2:$BC$766<=7)*(INDEX(DREAMH!$K$2:$K$766,MATCH(DREAMH!$A$2:$A$766,DREAMH!$A$2:$A$766,0))="Người chuyển giới (TG)"))} -> 0 | I16: {=SUMPRODUCT((DREAMH!$D$2:$D$766="Về nhà")*(DREAMH!$B$2:$B$766="F3. Bảng hỏi sàng lọc sức khoẻ tâm thần (QST)")*(DREAMH!$C$2:$C$766=1)*(DREAMH!$BC$2:$BC$766>=6)*(DREAMH!$BC$2:$BC$766<=7)*(INDEX(DREAMH!$K$2:$K$766,MATCH(DREAMH!$A$2:$A$766,DREAMH!$A$2:$A$766,0))="Người bán dâm (SW)"))} -> 10 | J16: {=SUMPRODUCT((DREAMH!$D$2:$D$766="Về nhà")*(DREAMH!$B$2:$B$766="F3. Bảng hỏi sàng lọc sức khoẻ tâm thần (QST)")*(DREAMH!$C$2:$C$766=1)*(DREAMH!$BC$2:$BC$766>=6)*(DREAMH!$BC$2:$BC$766<=7)*(INDEX(DREAMH!$K$2:$K$766,MATCH(DREAMH!$A$2:$A$766,DREAMH!$A$2:$A$766,0))="Nam quan hệ tình dục đồng giới (MSM)"))} -> 1 | K16: x | L16: x | M16: x | N16: x
D17: Mức 3 (4 - 5) | E17: {=SUMPRODUCT((DREAMH!$D$2:$D$766="Về nhà")*(DREAMH!$B$2:$B$766="F3. Bảng hỏi sàng lọc sức khoẻ tâm thần (QST)")*(DREAMH!$C$2:$C$766=1)*(DREAMH!$BC$2:$BC$766>=4)*(DREAMH!$BC$2:$BC$766<=5))} -> 42 | F17: {=SUMPRODUCT((DREAMH!$D$2:$D$766="Về nhà")*(DREAMH!$B$2:$B$766="F3. Bảng hỏi sàng lọc sức khoẻ tâm thần (QST)")*(DREAMH!$C$2:$C$766=1)*(DREAMH!$BC$2:$BC$766>=4)*(DREAMH!$BC$2:$BC$766<=5)*(INDEX(DREAMH!$K$2:$K$766,MATCH(DREAMH!$A$2:$A$766,DREAMH!$A$2:$A$766,0))="Người sử dụng ma túy (PUD)"))} -> 21 | G17: {=SUMPRODUCT((DREAMH!$D$2:$D$766="Về nhà")*(DREAMH!$B$2:$B$766="F3. Bảng hỏi sàng lọc sức khoẻ tâm thần (QST)")*(DREAMH!$C$2:$C$766=1)*(DREAMH!$BC$2:$BC$766>=4)*(DREAMH!$BC$2:$BC$766<=5)*(INDEX(DREAMH!$K$2:$K$766,MATCH(DREAMH!$A$2:$A$766,DREAMH!$A$2:$A$766,0))="Người sống chung với HIV (PLHIV)"))} -> 16 | H17: {=SUMPRODUCT((DREAMH!$D$2:$D$766="Về nhà")*(DREAMH!$B$2:$B$766="F3. Bảng hỏi sàng lọc sức khoẻ tâm thần (QST)")*(DREAMH!$C$2:$C$766=1)*(DREAMH!$BC$2:$BC$766>=4)*(DREAMH!$BC$2:$BC$766<=5)*(INDEX(DREAMH!$K$2:$K$766,MATCH(DREAMH!$A$2:$A$766,DREAMH!$A$2:$A$766,0))="Người chuyển giới (TG)"))} -> 0 | I17: {=SUMPRODUCT((DREAMH!$D$2:$D$766="Về nhà")*(DREAMH!$B$2:$B$766="F3. Bảng hỏi sàng lọc sức khoẻ tâm thần (QST)")*(DREAMH!$C$2:$C$766=1)*(DREAMH!$BC$2:$BC$766>=4)*(DREAMH!$BC$2:$BC$766<=5)*(INDEX(DREAMH!$K$2:$K$766,MATCH(DREAMH!$A$2:$A$766,DREAMH!$A$2:$A$766,0))="Người bán dâm (SW)"))} -> 5 | J17: {=SUMPRODUCT((DREAMH!$D$2:$D$766="Về nhà")*(DREAMH!$B$2:$B$766="F3. Bảng hỏi sàng lọc sức khoẻ tâm thần (QST)")*(DREAMH!$C$2:$C$766=1)*(DREAMH!$BC$2:$BC$766>=4)*(DREAMH!$BC$2:$BC$766<=5)*(INDEX(DREAMH!$K$2:$K$766,MATCH(DREAMH!$A$2:$A$766,DREAMH!$A$2:$A$766,0))="Nam quan hệ tình dục đồng giới (MSM)"))} -> 0 | K17: x | L17: x | M17: x | N17: x
D18: Mức 4 (<4) | E18: {=SUMPRODUCT((DREAMH!$D$2:$D$766="Về nhà")*(DREAMH!$B$2:$B$766="F3. Bảng hỏi sàng lọc sức khoẻ tâm thần (QST)")*(DREAMH!$C$2:$C$766=1)*(DREAMH!$BC$2:$BC$766<4))} -> 34 | F18: {=SUMPRODUCT((DREAMH!$D$2:$D$766="Về nhà")*(DREAMH!$B$2:$B$766="F3. Bảng hỏi sàng lọc sức khoẻ tâm thần (QST)")*(DREAMH!$C$2:$C$766=1)*(DREAMH!$BC$2:$BC$766<4)*(INDEX(DREAMH!$K$2:$K$766,MATCH(DREAMH!$A$2:$A$766,DREAMH!$A$2:$A$766,0))="Người sử dụng ma túy (PUD)"))} -> 11 | G18: {=SUMPRODUCT((DREAMH!$D$2:$D$766="Về nhà")*(DREAMH!$B$2:$B$766="F3. Bảng hỏi sàng lọc sức khoẻ tâm thần (QST)")*(DREAMH!$C$2:$C$766=1)*(DREAMH!$BC$2:$BC$766<4)*(INDEX(DREAMH!$K$2:$K$766,MATCH(DREAMH!$A$2:$A$766,DREAMH!$A$2:$A$766,0))="Người sống chung với HIV (PLHIV)"))} -> 13 | H18: {=SUMPRODUCT((DREAMH!$D$2:$D$766="Về nhà")*(DREAMH!$B$2:$B$766="F3. Bảng hỏi sàng lọc sức khoẻ tâm thần (QST)")*(DREAMH!$C$2:$C$766=1)*(DREAMH!$BC$2:$BC$766<4)*(INDEX(DREAMH!$K$2:$K$766,MATCH(DREAMH!$A$2:$A$766,DREAMH!$A$2:$A$766,0))="Người chuyển giới (TG)"))} -> 0 | I18: {=SUMPRODUCT((DREAMH!$D$2:$D$766="Về nhà")*(DREAMH!$B$2:$B$766="F3. Bảng hỏi sàng lọc sức khoẻ tâm thần (QST)")*(DREAMH!$C$2:$C$766=1)*(DREAMH!$BC$2:$BC$766<4)*(INDEX(DREAMH!$K$2:$K$766,MATCH(DREAMH!$A$2:$A$766,DREAMH!$A$2:$A$766,0))="Người bán dâm (SW)"))} -> 10 | J18: {=SUMPRODUCT((DREAMH!$D$2:$D$766="Về nhà")*(DREAMH!$B$2:$B$766="F3. Bảng hỏi sàng lọc sức khoẻ tâm thần (QST)")*(DREAMH!$C$2:$C$766=1)*(DREAMH!$BC$2:$BC$766<4)*(INDEX(DREAMH!$K$2:$K$766,MATCH(DREAMH!$A$2:$A$766,DREAMH!$A$2:$A$766,0))="Nam quan hệ tình dục đồng giới (MSM)"))} -> 0 | K18: x | L18: x | M18: x | N18: x
B19: 2 | C19: Số KH được sàng lọc lại bảng hỏi QST (từ lần 2 trở đi) | E19: {=SUMPRODUCT((DREAMH!$D$2:$D$766="Về nhà")*(DREAMH!$B$2:$B$766="F3. Bảng hỏi sàng lọc sức khoẻ tâm thần (QST)")*(DREAMH!$C$2:$C$766>=2))} -> 0 | F19: {=SUMPRODUCT((DREAMH!$D$2:$D$766="Về nhà")*(DREAMH!$B$2:$B$766="F3. Bảng hỏi sàng lọc sức khoẻ tâm thần (QST)")*(DREAMH!$C$2:$C$766>=2)*(INDEX(DREAMH!$K$2:$K$766,MATCH(DREAMH!$A$2:$A$766,DREAMH!$A$2:$A$766,0))="Người sử dụng ma túy (PUD)"))} -> 0 | G19: {=SUMPRODUCT((DREAMH!$D$2:$D$766="Về nhà")*(DREAMH!$B$2:$B$766="F3. Bảng hỏi sàng lọc sức khoẻ tâm thần (QST)")*(DREAMH!$C$2:$C$766>=2)*(INDEX(DREAMH!$K$2:$K$766,MATCH(DREAMH!$A$2:$A$766,DREAMH!$A$2:$A$766,0))="Người sống chung với HIV (PLHIV)"))} -> 0 | H19: {=SUMPRODUCT((DREAMH!$D$2:$D$766="Về nhà")*(DREAMH!$B$2:$B$766="F3. Bảng hỏi sàng lọc sức khoẻ tâm thần (QST)")*(DREAMH!$C$2:$C$766>=2)*(INDEX(DREAMH!$K$2:$K$766,MATCH(DREAMH!$A$2:$A$766,DREAMH!$A$2:$A$766,0))="Người chuyển giới (TG)"))} -> 0 | I19: {=SUMPRODUCT((DREAMH!$D$2:$D$766="Về nhà")*(DREAMH!$B$2:$B$766="F3. Bảng hỏi sàng lọc sức khoẻ tâm thần (QST)")*(DREAMH!$C$2:$C$766>=2)*(INDEX(DREAMH!$K$2:$K$766,MATCH(DREAMH!$A$2:$A$766,DREAMH!$A$2:$A$766,0))="Người bán dâm (SW)"))} -> 0 | J19: {=SUMPRODUCT((DREAMH!$D$2:$D$766="Về nhà")*(DREAMH!$B$2:$B$766="F3. Bảng hỏi sàng lọc sức khoẻ tâm thần (QST)")*(DREAMH!$C$2:$C$766>=2)*(INDEX(DREAMH!$K$2:$K$766,MATCH(DREAMH!$A$2:$A$766,DREAMH!$A$2:$A$766,0))="Nam quan hệ tình dục đồng giới (MSM)"))} -> 0 | K19: x | L19: x | M19: x | N19: x | O19: Dữ liệu từ bảng hỏi lại QST
C20: Kết quả sàng lọc lại QST | D20: Mức 1 (>=8) | E20: {=SUMPRODUCT((DREAMH!$D$2:$D$766="Về nhà")*(DREAMH!$B$2:$B$766="F3. Bảng hỏi sàng lọc sức khoẻ tâm thần (QST)")*(DREAMH!$C$2:$C$766>=2)*(DREAMH!$BC$2:$BC$766>=8))} -> 0 | F20: {=SUMPRODUCT((DREAMH!$D$2:$D$766="Về nhà")*(DREAMH!$B$2:$B$766="F3. Bảng hỏi sàng lọc sức khoẻ tâm thần (QST)")*(DREAMH!$C$2:$C$766>=2)*(DREAMH!$BC$2:$BC$766>=8)*(INDEX(DREAMH!$K$2:$K$766,MATCH(DREAMH!$A$2:$A$766,DREAMH!$A$2:$A$766,0))="Người sử dụng ma túy (PUD)"))} -> 0 | G20: {=SUMPRODUCT((DREAMH!$D$2:$D$766="Về nhà")*(DREAMH!$B$2:$B$766="F3. Bảng hỏi sàng lọc sức khoẻ tâm thần (QST)")*(DREAMH!$C$2:$C$766>=2)*(DREAMH!$BC$2:$BC$766>=8)*(INDEX(DREAMH!$K$2:$K$766,MATCH(DREAMH!$A$2:$A$766,DREAMH!$A$2:$A$766,0))="Người sống chung với HIV (PLHIV)"))} -> 0 | H20: {=SUMPRODUCT((DREAMH!$D$2:$D$766="Về nhà")*(DREAMH!$B$2:$B$766="F3. Bảng hỏi sàng lọc sức khoẻ tâm thần (QST)")*(DREAMH!$C$2:$C$766>=2)*(DREAMH!$BC$2:$BC$766>=8)*(INDEX(DREAMH!$K$2:$K$766,MATCH(DREAMH!$A$2:$A$766,DREAMH!$A$2:$A$766,0))="Người chuyển giới (TG)"))} -> 0 | I20: {=SUMPRODUCT((DREAMH!$D$2:$D$766="Về nhà")*(DREAMH!$B$2:$B$766="F3. Bảng hỏi sàng lọc sức khoẻ tâm thần (QST)")*(DREAMH!$C$2:$C$766>=2)*(DREAMH!$BC$2:$BC$766>=8)*(INDEX(DREAMH!$K$2:$K$766,MATCH(DREAMH!$A$2:$A$766,DREAMH!$A$2:$A$766,0))="Người bán dâm (SW)"))} -> 0 | J20: {=SUMPRODUCT((DREAMH!$D$2:$D$766="Về nhà")*(DREAMH!$B$2:$B$766="F3. Bảng hỏi sàng lọc sức khoẻ tâm thần (QST)")*(DREAMH!$C$2:$C$766>=2)*(DREAMH!$BC$2:$BC$766>=8)*(INDEX(DREAMH!$K$2:$K$766,MATCH(DREAMH!$A$2:$A$766,DREAMH!$A$2:$A$766,0))="Nam quan hệ tình dục đồng giới (MSM)"))} -> 0 | K20: x | L20: x | M20: x | N20: x
D21: Mức 2 (6 - 7) | E21: {=SUMPRODUCT((DREAMH!$D$2:$D$766="Về nhà")*(DREAMH!$B$2:$B$766="F3. Bảng hỏi sàng lọc sức khoẻ tâm thần (QST)")*(DREAMH!$C$2:$C$766>=2)*(DREAMH!$BC$2:$BC$766>=6)*(DREAMH!$BC$2:$BC$766<=7))} -> 0 | F21: {=SUMPRODUCT((DREAMH!$D$2:$D$766="Về nhà")*(DREAMH!$B$2:$B$766="F3. Bảng hỏi sàng lọc sức khoẻ tâm thần (QST)")*(DREAMH!$C$2:$C$766>=2)*(DREAMH!$BC$2:$BC$766>=6)*(DREAMH!$BC$2:$BC$766<=7)*(INDEX(DREAMH!$K$2:$K$766,MATCH(DREAMH!$A$2:$A$766,DREAMH!$A$2:$A$766,0))="Người sử dụng ma túy (PUD)"))} -> 0 | G21: {=SUMPRODUCT((DREAMH!$D$2:$D$766="Về nhà")*(DREAMH!$B$2:$B$766="F3. Bảng hỏi sàng lọc sức khoẻ tâm thần (QST)")*(DREAMH!$C$2:$C$766>=2)*(DREAMH!$BC$2:$BC$766>=6)*(DREAMH!$BC$2:$BC$766<=7)*(INDEX(DREAMH!$K$2:$K$766,MATCH(DREAMH!$A$2:$A$766,DREAMH!$A$2:$A$766,0))="Người sống chung với HIV (PLHIV)"))} -> 0 | H21: {=SUMPRODUCT((DREAMH!$D$2:$D$766="Về nhà")*(DREAMH!$B$2:$B$766="F3. Bảng hỏi sàng lọc sức khoẻ tâm thần (QST)")*(DREAMH!$C$2:$C$766>=2)*(DREAMH!$BC$2:$BC$766>=6)*(DREAMH!$BC$2:$BC$766<=7)*(INDEX(DREAMH!$K$2:$K$766,MATCH(DREAMH!$A$2:$A$766,DREAMH!$A$2:$A$766,0))="Người chuyển giới (TG)"))} -> 0 | I21: {=SUMPRODUCT((DREAMH!$D$2:$D$766="Về nhà")*(DREAMH!$B$2:$B$766="F3. Bảng hỏi sàng lọc sức khoẻ tâm thần (QST)")*(DREAMH!$C$2:$C$766>=2)*(DREAMH!$BC$2:$BC$766>=6)*(DREAMH!$BC$2:$BC$766<=7)*(INDEX(DREAMH!$K$2:$K$766,MATCH(DREAMH!$A$2:$A$766,DREAMH!$A$2:$A$766,0))="Người bán dâm (SW)"))} -> 0 | J21: {=SUMPRODUCT((DREAMH!$D$2:$D$766="Về nhà")*(DREAMH!$B$2:$B$766="F3. Bảng hỏi sàng lọc sức khoẻ tâm thần (QST)")*(DREAMH!$C$2:$C$766>=2)*(DREAMH!$BC$2:$BC$766>=6)*(DREAMH!$BC$2:$BC$766<=7)*(INDEX(DREAMH!$K$2:$K$766,MATCH(DREAMH!$A$2:$A$766,DREAMH!$A$2:$A$766,0))="Nam quan hệ tình dục đồng giới (MSM)"))} -> 0 | K21: x | L21: x | M21: x | N21: x
D22: Mức 3 (4 - 5) | E22: {=SUMPRODUCT((DREAMH!$D$2:$D$766="Về nhà")*(DREAMH!$B$2:$B$766="F3. Bảng hỏi sàng lọc sức khoẻ tâm thần (QST)")*(DREAMH!$C$2:$C$766>=2)*(DREAMH!$BC$2:$BC$766>=4)*(DREAMH!$BC$2:$BC$766<=5))} -> 0 | F22: {=SUMPRODUCT((DREAMH!$D$2:$D$766="Về nhà")*(DREAMH!$B$2:$B$766="F3. Bảng hỏi sàng lọc sức khoẻ tâm thần (QST)")*(DREAMH!$C$2:$C$766>=2)*(DREAMH!$BC$2:$BC$766>=4)*(DREAMH!$BC$2:$BC$766<=5)*(INDEX(DREAMH!$K$2:$K$766,MATCH(DREAMH!$A$2:$A$766,DREAMH!$A$2:$A$766,0))="Người sử dụng ma túy (PUD)"))} -> 0 | G22: {=SUMPRODUCT((DREAMH!$D$2:$D$766="Về nhà")*(DREAMH!$B$2:$B$766="F3. Bảng hỏi sàng lọc sức khoẻ tâm thần (QST)")*(DREAMH!$C$2:$C$766>=2)*(DREAMH!$BC$2:$BC$766>=4)*(DREAMH!$BC$2:$BC$766<=5)*(INDEX(DREAMH!$K$2:$K$766,MATCH(DREAMH!$A$2:$A$766,DREAMH!$A$2:$A$766,0))="Người sống chung với HIV (PLHIV)"))} -> 0 | H22: {=SUMPRODUCT((DREAMH!$D$2:$D$766="Về nhà")*(DREAMH!$B$2:$B$766="F3. Bảng hỏi sàng lọc sức khoẻ tâm thần (QST)")*(DREAMH!$C$2:$C$766>=2)*(DREAMH!$BC$2:$BC$766>=4)*(DREAMH!$BC$2:$BC$766<=5)*(INDEX(DREAMH!$K$2:$K$766,MATCH(DREAMH!$A$2:$A$766,DREAMH!$A$2:$A$766,0))="Người chuyển giới (TG)"))} -> 0 | I22: {=SUMPRODUCT((DREAMH!$D$2:$D$766="Về nhà")*(DREAMH!$B$2:$B$766="F3. Bảng hỏi sàng lọc sức khoẻ tâm thần (QST)")*(DREAMH!$C$2:$C$766>=2)*(DREAMH!$BC$2:$BC$766>=4)*(DREAMH!$BC$2:$BC$766<=5)*(INDEX(DREAMH!$K$2:$K$766,MATCH(DREAMH!$A$2:$A$766,DREAMH!$A$2:$A$766,0))="Người bán dâm (SW)"))} -> 0 | J22: {=SUMPRODUCT((DREAMH!$D$2:$D$766="Về nhà")*(DREAMH!$B$2:$B$766="F3. Bảng hỏi sàng lọc sức khoẻ tâm thần (QST)")*(DREAMH!$C$2:$C$766>=2)*(DREAMH!$BC$2:$BC$766>=4)*(DREAMH!$BC$2:$BC$766<=5)*(INDEX(DREAMH!$K$2:$K$766,MATCH(DREAMH!$A$2:$A$766,DREAMH!$A$2:$A$766,0))="Nam quan hệ tình dục đồng giới (MSM)"))} -> 0 | K22: x | L22: x | M22: x | N22: x
D23: Mức 4 (<4) | E23: {=SUMPRODUCT((DREAMH!$D$2:$D$766="Về nhà")*(DREAMH!$B$2:$B$766="F3. Bảng hỏi sàng lọc sức khoẻ tâm thần (QST)")*(DREAMH!$C$2:$C$766>=2)*(DREAMH!$BC$2:$BC$766<4))} -> 0 | F23: {=SUMPRODUCT((DREAMH!$D$2:$D$766="Về nhà")*(DREAMH!$B$2:$B$766="F3. Bảng hỏi sàng lọc sức khoẻ tâm thần (QST)")*(DREAMH!$C$2:$C$766>=2)*(DREAMH!$BC$2:$BC$766<4)*(INDEX(DREAMH!$K$2:$K$766,MATCH(DREAMH!$A$2:$A$766,DREAMH!$A$2:$A$766,0))="Người sử dụng ma túy (PUD)"))} -> 0 | G23: {=SUMPRODUCT((DREAMH!$D$2:$D$766="Về nhà")*(DREAMH!$B$2:$B$766="F3. Bảng hỏi sàng lọc sức khoẻ tâm thần (QST)")*(DREAMH!$C$2:$C$766>=2)*(DREAMH!$BC$2:$BC$766<4)*(INDEX(DREAMH!$K$2:$K$766,MATCH(DREAMH!$A$2:$A$766,DREAMH!$A$2:$A$766,0))="Người sống chung với HIV (PLHIV)"))} -> 0 | H23: {=SUMPRODUCT((DREAMH!$D$2:$D$766="Về nhà")*(DREAMH!$B$2:$B$766="F3. Bảng hỏi sàng lọc sức khoẻ tâm thần (QST)")*(DREAMH!$C$2:$C$766>=2)*(DREAMH!$BC$2:$BC$766<4)*(INDEX(DREAMH!$K$2:$K$766,MATCH(DREAMH!$A$2:$A$766,DREAMH!$A$2:$A$766,0))="Người chuyển giới (TG)"))} -> 0 | I23: {=SUMPRODUCT((DREAMH!$D$2:$D$766="Về nhà")*(DREAMH!$B$2:$B$766="F3. Bảng hỏi sàng lọc sức khoẻ tâm thần (QST)")*(DREAMH!$C$2:$C$766>=2)*(DREAMH!$BC$2:$BC$766<4)*(INDEX(DREAMH!$K$2:$K$766,MATCH(DREAMH!$A$2:$A$766,DREAMH!$A$2:$A$766,0))="Người bán dâm (SW)"))} -> 0 | J23: {=SUMPRODUCT((DREAMH!$D$2:$D$766="Về nhà")*(DREAMH!$B$2:$B$766="F3. Bảng hỏi sàng lọc sức khoẻ tâm thần (QST)")*(DREAMH!$C$2:$C$766>=2)*(DREAMH!$BC$2:$BC$766<4)*(INDEX(DREAMH!$K$2:$K$766,MATCH(DREAMH!$A$2:$A$766,DREAMH!$A$2:$A$766,0))="Nam quan hệ tình dục đồng giới (MSM)"))} -> 0 | K23: x | L23: x | M23: x | N23: x
B24: 3 | C24: Số lượt KH được chuyển gửi khám SKTT | E24: {=SUMPRODUCT((DREAMH!$D$2:$D$766="Về nhà")*(DREAMH!$B$2:$B$766="F6. Thông tin chẩn đoán và điều trị"))} -> 12 | F24: {=SUMPRODUCT((DREAMH!$D$2:$D$766="Về nhà")*(DREAMH!$B$2:$B$766="F6. Thông tin chẩn đoán và điều trị")*(INDEX(DREAMH!$K$2:$K$766,MATCH(DREAMH!$A$2:$A$766,DREAMH!$A$2:$A$766,0))="Người sử dụng ma túy (PUD)"))} -> 8 | G24: {=SUMPRODUCT((DREAMH!$D$2:$D$766="Về nhà")*(DREAMH!$B$2:$B$766="F6. Thông tin chẩn đoán và điều trị")*(INDEX(DREAMH!$K$2:$K$766,MATCH(DREAMH!$A$2:$A$766,DREAMH!$A$2:$A$766,0))="Người sống chung với HIV (PLHIV)"))} -> 3 | H24: {=SUMPRODUCT((DREAMH!$D$2:$D$766="Về nhà")*(DREAMH!$B$2:$B$766="F6. Thông tin chẩn đoán và điều trị")*(INDEX(DREAMH!$K$2:$K$766,MATCH(DREAMH!$A$2:$A$766,DREAMH!$A$2:$A$766,0))="Người chuyển giới (TG)"))} -> 0 | I24: {=SUMPRODUCT((DREAMH!$D$2:$D$766="Về nhà")*(DREAMH!$B$2:$B$766="F6. Thông tin chẩn đoán và điều trị")*(INDEX(DREAMH!$K$2:$K$766,MATCH(DREAMH!$A$2:$A$766,DREAMH!$A$2:$A$766,0))="Người bán dâm (SW)"))} -> 1 | J24: {=SUMPRODUCT((DREAMH!$D$2:$D$766="Về nhà")*(DREAMH!$B$2:$B$766="F6. Thông tin chẩn đoán và điều trị")*(INDEX(DREAMH!$K$2:$K$766,MATCH(DREAMH!$A$2:$A$766,DREAMH!$A$2:$A$766,0))="Nam quan hệ tình dục đồng giới (MSM)"))} -> 0 | K24: x | L24: x | M24: x | N24: x | P24: Tổng số lượt trong tháng (dễ nhìn check báo cáo và thánh quyết toán)
B25: 4 | C25: Số KH được chuyển gửi khám SKTT, trong đó: | E25: {=SUMPRODUCT((DREAMH!$D$2:$D$766="Về nhà")*(DREAMH!$B$2:$B$766="F6. Thông tin chẩn đoán và điều trị") / (COUNTIFS(DREAMH!$A$2:$A$766, DREAMH!$A$2:$A$766, DREAMH!$B$2:$B$766, "F6. Thông tin chẩn đoán và điều trị") + (COUNTIFS(DREAMH!$A$2:$A$766, DREAMH!$A$2:$A$766, DREAMH!$B$2:$B$766, "F6. Thông tin chẩn đoán và điều trị")=0)))} -> 12 | F25: {=SUMPRODUCT((DREAMH!$D$2:$D$766="Về nhà")*(DREAMH!$B$2:$B$766="F6. Thông tin chẩn đoán và điều trị")*(INDEX(DREAMH!$K$2:$K$766,MATCH(DREAMH!$A$2:$A$766,DREAMH!$A$2:$A$766,0))="Người sử dụng ma túy (PUD)"))} -> 8 | G25: {=SUMPRODUCT((DREAMH!$D$2:$D$766="Về nhà")*(DREAMH!$B$2:$B$766="F6. Thông tin chẩn đoán và điều trị")*(INDEX(DREAMH!$K$2:$K$766,MATCH(DREAMH!$A$2:$A$766,DREAMH!$A$2:$A$766,0))="Người sống chung với HIV (PLHIV)"))} -> 3 | H25: {=SUMPRODUCT((DREAMH!$D$2:$D$766="Về nhà")*(DREAMH!$B$2:$B$766="F6. Thông tin chẩn đoán và điều trị")*(INDEX(DREAMH!$K$2:$K$766,MATCH(DREAMH!$A$2:$A$766,DREAMH!$A$2:$A$766,0))="Người chuyển giới (TG)"))} -> 0 | I25: {=SUMPRODUCT((DREAMH!$D$2:$D$766="Về nhà")*(DREAMH!$B$2:$B$766="F6. Thông tin chẩn đoán và điều trị")*(INDEX(DREAMH!$K$2:$K$766,MATCH(DREAMH!$A$2:$A$766,DREAMH!$A$2:$A$766,0))="Người bán dâm (SW)"))} -> 1 | J25: {=SUMPRODUCT((DREAMH!$D$2:$D$766="Về nhà")*(DREAMH!$B$2:$B$766="F6. Thông tin chẩn đoán và điều trị")*(INDEX(DREAMH!$K$2:$K$766,MATCH(DREAMH!$A$2:$A$766,DREAMH!$A$2:$A$766,0))="Nam quan hệ tình dục đồng giới (MSM)"))} -> 0 | K25: x | L25: x | M25: x | N25: x | O25: Dữ liệu từ biểu mẫu khám và điều trị SKTT
C26: Số KH được chuyển gửi khám SKTT lần 1 | E26: {=SUMPRODUCT((DREAMH!$D$2:$D$766="Về nhà")*(DREAMH!$B$2:$B$766="F6. Thông tin chẩn đoán và điều trị")*(DREAMH!$DA$2:$DA$766="Khám lần đầu"))} -> 12 | F26: {=SUMPRODUCT((DREAMH!$D$2:$D$766="Về nhà")*(DREAMH!$B$2:$B$766="F6. Thông tin chẩn đoán và điều trị")*(DREAMH!$DA$2:$DA$766="Khám lần đầu")*(INDEX(DREAMH!$K$2:$K$766,MATCH(DREAMH!$A$2:$A$766,DREAMH!$A$2:$A$766,0))="Người sử dụng ma túy (PUD)"))} -> 8 | G26: {=SUMPRODUCT((DREAMH!$D$2:$D$766="Về nhà")*(DREAMH!$B$2:$B$766="F6. Thông tin chẩn đoán và điều trị")*(DREAMH!$DA$2:$DA$766="Khám lần đầu")*(INDEX(DREAMH!$K$2:$K$766,MATCH(DREAMH!$A$2:$A$766,DREAMH!$A$2:$A$766,0))="Người sống chung với HIV (PLHIV)"))} -> 3 | H26: {=SUMPRODUCT((DREAMH!$D$2:$D$766="Về nhà")*(DREAMH!$B$2:$B$766="F6. Thông tin chẩn đoán và điều trị")*(DREAMH!$DA$2:$DA$766="Khám lần đầu")*(INDEX(DREAMH!$K$2:$K$766,MATCH(DREAMH!$A$2:$A$766,DREAMH!$A$2:$A$766,0))="Người chuyển giới (TG)"))} -> 0 | I26: {=SUMPRODUCT((DREAMH!$D$2:$D$766="Về nhà")*(DREAMH!$B$2:$B$766="F6. Thông tin chẩn đoán và điều trị")*(DREAMH!$DA$2:$DA$766="Khám lần đầu")*(INDEX(DREAMH!$K$2:$K$766,MATCH(DREAMH!$A$2:$A$766,DREAMH!$A$2:$A$766,0))="Người bán dâm (SW)"))} -> 1 | J26: {=SUMPRODUCT((DREAMH!$D$2:$D$766="Về nhà")*(DREAMH!$B$2:$B$766="F6. Thông tin chẩn đoán và điều trị")*(DREAMH!$DA$2:$DA$766="Khám lần đầu")*(INDEX(DREAMH!$K$2:$K$766,MATCH(DREAMH!$A$2:$A$766,DREAMH!$A$2:$A$766,0))="Nam quan hệ tình dục đồng giới (MSM)"))} -> 0 | K26: x | L26: x | M26: x | N26: x
C27: Số KH được tái khám SKTT | E27: {=SUMPRODUCT((DREAMH!$D$2:$D$766="Về nhà")*(DREAMH!$B$2:$B$766="F6. Thông tin chẩn đoán và điều trị")*(DREAMH!$DA$2:$DA$766="Tái khám"))} -> 0 | F27: {=SUMPRODUCT((DREAMH!$D$2:$D$766="Về nhà")*(DREAMH!$B$2:$B$766="F6. Thông tin chẩn đoán và điều trị")*(DREAMH!$DA$2:$DA$766="Tái khám")*(INDEX(DREAMH!$K$2:$K$766,MATCH(DREAMH!$A$2:$A$766,DREAMH!$A$2:$A$766,0))="Người sử dụng ma túy (PUD)"))} -> 0 | G27: {=SUMPRODUCT((DREAMH!$D$2:$D$766="Về nhà")*(DREAMH!$B$2:$B$766="F6. Thông tin chẩn đoán và điều trị")*(DREAMH!$DA$2:$DA$766="Tái khám")*(INDEX(DREAMH!$K$2:$K$766,MATCH(DREAMH!$A$2:$A$766,DREAMH!$A$2:$A$766,0))="Người sống chung với HIV (PLHIV)"))} -> 0 | H27: {=SUMPRODUCT((DREAMH!$D$2:$D$766="Về nhà")*(DREAMH!$B$2:$B$766="F6. Thông tin chẩn đoán và điều trị")*(DREAMH!$DA$2:$DA$766="Tái khám")*(INDEX(DREAMH!$K$2:$K$766,MATCH(DREAMH!$A$2:$A$766,DREAMH!$A$2:$A$766,0))="Người chuyển giới (TG)"))} -> 0 | I27: {=SUMPRODUCT((DREAMH!$D$2:$D$766="Về nhà")*(DREAMH!$B$2:$B$766="F6. Thông tin chẩn đoán và điều trị")*(DREAMH!$DA$2:$DA$766="Tái khám")*(INDEX(DREAMH!$K$2:$K$766,MATCH(DREAMH!$A$2:$A$766,DREAMH!$A$2:$A$766,0))="Người bán dâm (SW)"))} -> 0 | J27: {=SUMPRODUCT((DREAMH!$D$2:$D$766="Về nhà")*(DREAMH!$B$2:$B$766="F6. Thông tin chẩn đoán và điều trị")*(DREAMH!$DA$2:$DA$766="Tái khám")*(INDEX(DREAMH!$K$2:$K$766,MATCH(DREAMH!$A$2:$A$766,DREAMH!$A$2:$A$766,0))="Nam quan hệ tình dục đồng giới (MSM)"))} -> 0 | K27: x | L27: x | M27: x | N27: x
C28: Số lượt KH được tái khám SKTT | E28: {=SUMPRODUCT((DREAMH!$D$2:$D$766="Về nhà")*(DREAMH!$B$2:$B$766="F6. Thông tin chẩn đoán và điều trị")*(DREAMH!$DA$2:$DA$766="Tái khám"))} -> 0 | F28: {=SUMPRODUCT((DREAMH!$D$2:$D$766="Về nhà")*(DREAMH!$B$2:$B$766="F6. Thông tin chẩn đoán và điều trị")*(DREAMH!$DA$2:$DA$766="Tái khám")*(INDEX(DREAMH!$K$2:$K$766,MATCH(DREAMH!$A$2:$A$766,DREAMH!$A$2:$A$766,0))="Người sử dụng ma túy (PUD)"))} -> 0 | G28: {=SUMPRODUCT((DREAMH!$D$2:$D$766="Về nhà")*(DREAMH!$B$2:$B$766="F6. Thông tin chẩn đoán và điều trị")*(DREAMH!$DA$2:$DA$766="Tái khám")*(INDEX(DREAMH!$K$2:$K$766,MATCH(DREAMH!$A$2:$A$766,DREAMH!$A$2:$A$766,0))="Người sống chung với HIV (PLHIV)"))} -> 0 | H28: {=SUMPRODUCT((DREAMH!$D$2:$D$766="Về nhà")*(DREAMH!$B$2:$B$766="F6. Thông tin chẩn đoán và điều trị")*(DREAMH!$DA$2:$DA$766="Tái khám")*(INDEX(DREAMH!$K$2:$K$766,MATCH(DREAMH!$A$2:$A$766,DREAMH!$A$2:$A$766,0))="Người chuyển giới (TG)"))} -> 0 | I28: {=SUMPRODUCT((DREAMH!$D$2:$D$766="Về nhà")*(DREAMH!$B$2:$B$766="F6. Thông tin chẩn đoán và điều trị")*(DREAMH!$DA$2:$DA$766="Tái khám")*(INDEX(DREAMH!$K$2:$K$766,MATCH(DREAMH!$A$2:$A$766,DREAMH!$A$2:$A$766,0))="Người bán dâm (SW)"))} -> 0 | J28: {=SUMPRODUCT((DREAMH!$D$2:$D$766="Về nhà")*(DREAMH!$B$2:$B$766="F6. Thông tin chẩn đoán và điều trị")*(DREAMH!$DA$2:$DA$766="Tái khám")*(INDEX(DREAMH!$K$2:$K$766,MATCH(DREAMH!$A$2:$A$766,DREAMH!$A$2:$A$766,0))="Nam quan hệ tình dục đồng giới (MSM)"))} -> 0 | K28: x | L28: x | M28: x | N28: x
B29: 5 | C29: Số KH được điều trị nội trú (nhập viện) | E29: {=SUMPRODUCT((DREAMH!$D$2:$D$766="Về nhà")*(DREAMH!$B$2:$B$766="F6. Thông tin chẩn đoán và điều trị")*(DREAMH!$DL$2:$DL$766="Chọn"))} -> 1 | F29: {=SUMPRODUCT((DREAMH!$D$2:$D$766="Về nhà")*(DREAMH!$B$2:$B$766="F6. Thông tin chẩn đoán và điều trị")*(DREAMH!$DL$2:$DL$766="Chọn")*(INDEX(DREAMH!$K$2:$K$766,MATCH(DREAMH!$A$2:$A$766,DREAMH!$A$2:$A$766,0))="Người sử dụng ma túy (PUD)"))} -> 0 | G29: {=SUMPRODUCT((DREAMH!$D$2:$D$766="Về nhà")*(DREAMH!$B$2:$B$766="F6. Thông tin chẩn đoán và điều trị")*(DREAMH!$DL$2:$DL$766="Chọn")*(INDEX(DREAMH!$K$2:$K$766,MATCH(DREAMH!$A$2:$A$766,DREAMH!$A$2:$A$766,0))="Người sống chung với HIV (PLHIV)"))} -> 0 | H29: {=SUMPRODUCT((DREAMH!$D$2:$D$766="Về nhà")*(DREAMH!$B$2:$B$766="F6. Thông tin chẩn đoán và điều trị")*(DREAMH!$DL$2:$DL$766="Chọn")*(INDEX(DREAMH!$K$2:$K$766,MATCH(DREAMH!$A$2:$A$766,DREAMH!$A$2:$A$766,0))="Người chuyển giới (TG)"))} -> 0 | I29: {=SUMPRODUCT((DREAMH!$D$2:$D$766="Về nhà")*(DREAMH!$B$2:$B$766="F6. Thông tin chẩn đoán và điều trị")*(DREAMH!$DL$2:$DL$766="Chọn")*(INDEX(DREAMH!$K$2:$K$766,MATCH(DREAMH!$A$2:$A$766,DREAMH!$A$2:$A$766,0))="Người bán dâm (SW)"))} -> 1 | J29: {=SUMPRODUCT((DREAMH!$D$2:$D$766="Về nhà")*(DREAMH!$B$2:$B$766="F6. Thông tin chẩn đoán và điều trị")*(DREAMH!$DL$2:$DL$766="Chọn")*(INDEX(DREAMH!$K$2:$K$766,MATCH(DREAMH!$A$2:$A$766,DREAMH!$A$2:$A$766,0))="Nam quan hệ tình dục đồng giới (MSM)"))} -> 0 | K29: x | L29: x | M29: x | N29: x
B30: 6 | C30: Số KH được hỗ trợ mua thẻ Bảo hiểm y tế | E30: {=SUMPRODUCT((DREAMH!$D$2:$D$766="Về nhà")*(DREAMH!$B$2:$B$766="F5. Phiếu hỗ trợ tuân thủ điều trị")*(DREAMH!$BG$2:$BG$766="Chọn"))} -> 0 | F30: {=SUMPRODUCT((DREAMH!$D$2:$D$766="Về nhà")*(DREAMH!$B$2:$B$766="F5. Phiếu hỗ trợ tuân thủ điều trị")*(DREAMH!$BG$2:$BG$766="Chọn")*(INDEX(DREAMH!$K$2:$K$766,MATCH(DREAMH!$A$2:$A$766,DREAMH!$A$2:$A$766,0))="Người sử dụng ma túy (PUD)"))} -> 0 | G30: {=SUMPRODUCT((DREAMH!$D$2:$D$766="Về nhà")*(DREAMH!$B$2:$B$766="F5. Phiếu hỗ trợ tuân thủ điều trị")*(DREAMH!$BG$2:$BG$766="Chọn")*(INDEX(DREAMH!$K$2:$K$766,MATCH(DREAMH!$A$2:$A$766,DREAMH!$A$2:$A$766,0))="Người sống chung với HIV (PLHIV)"))} -> 0 | H30: {=SUMPRODUCT((DREAMH!$D$2:$D$766="Về nhà")*(DREAMH!$B$2:$B$766="F5. Phiếu hỗ trợ tuân thủ điều trị")*(DREAMH!$BG$2:$BG$766="Chọn")*(INDEX(DREAMH!$K$2:$K$766,MATCH(DREAMH!$A$2:$A$766,DREAMH!$A$2:$A$766,0))="Người chuyển giới (TG)"))} -> 0 | I30: {=SUMPRODUCT((DREAMH!$D$2:$D$766="Về nhà")*(DREAMH!$B$2:$B$766="F5. Phiếu hỗ trợ tuân thủ điều trị")*(DREAMH!$BG$2:$BG$766="Chọn")*(INDEX(DREAMH!$K$2:$K$766,MATCH(DREAMH!$A$2:$A$766,DREAMH!$A$2:$A$766,0))="Người bán dâm (SW)"))} -> 0 | J30: {=SUMPRODUCT((DREAMH!$D$2:$D$766="Về nhà")*(DREAMH!$B$2:$B$766="F5. Phiếu hỗ trợ tuân thủ điều trị")*(DREAMH!$BG$2:$BG$766="Chọn")*(INDEX(DREAMH!$K$2:$K$766,MATCH(DREAMH!$A$2:$A$766,DREAMH!$A$2:$A$766,0))="Nam quan hệ tình dục đồng giới (MSM)"))} -> 0 | K30: x | L30: x | M30: x | N30: x | O30: Chưa có biểu mẫu nhập thông tin này Bổ sung
B31: IV | C31: CÁC CAN THIỆP CÁ NHÂN VÀ CAN THIỆP NHÓM | O31: Dữ liệu từ biểu mẫu tư vấn
B32: 1 | C32: Số lượt KH được tư vấn cá nhân | E32: {=SUMPRODUCT((DREAMH!$D$2:$D$766="Về nhà")*((DREAMH!$B$2:$B$766="F7. Phiếu tư vấn lần 1")+(DREAMH!$B$2:$B$766="F8. Phiếu tư vấn (từ lần 2)")))} -> 0 | F32: {=SUMPRODUCT((DREAMH!$D$2:$D$766="Về nhà")*((DREAMH!$B$2:$B$766="F7. Phiếu tư vấn lần 1")+(DREAMH!$B$2:$B$766="F8. Phiếu tư vấn (từ lần 2)"))*(INDEX(DREAMH!$K$2:$K$766,MATCH(DREAMH!$A$2:$A$766,DREAMH!$A$2:$A$766,0))="Người sử dụng ma túy (PUD)"))} -> 0 | G32: {=SUMPRODUCT((DREAMH!$D$2:$D$766="Về nhà")*((DREAMH!$B$2:$B$766="F7. Phiếu tư vấn lần 1")+(DREAMH!$B$2:$B$766="F8. Phiếu tư vấn (từ lần 2)"))*(INDEX(DREAMH!$K$2:$K$766,MATCH(DREAMH!$A$2:$A$766,DREAMH!$A$2:$A$766,0))="Người sống chung với HIV (PLHIV)"))} -> 0 | H32: {=SUMPRODUCT((DREAMH!$D$2:$D$766="Về nhà")*((DREAMH!$B$2:$B$766="F7. Phiếu tư vấn lần 1")+(DREAMH!$B$2:$B$766="F8. Phiếu tư vấn (từ lần 2)"))*(INDEX(DREAMH!$K$2:$K$766,MATCH(DREAMH!$A$2:$A$766,DREAMH!$A$2:$A$766,0))="Người chuyển giới (TG)"))} -> 0 | I32: {=SUMPRODUCT((DREAMH!$D$2:$D$766="Về nhà")*((DREAMH!$B$2:$B$766="F7. Phiếu tư vấn lần 1")+(DREAMH!$B$2:$B$766="F8. Phiếu tư vấn (từ lần 2)"))*(INDEX(DREAMH!$K$2:$K$766,MATCH(DREAMH!$A$2:$A$766,DREAMH!$A$2:$A$766,0))="Người bán dâm (SW)"))} -> 0 | J32: {=SUMPRODUCT((DREAMH!$D$2:$D$766="Về nhà")*((DREAMH!$B$2:$B$766="F7. Phiếu tư vấn lần 1")+(DREAMH!$B$2:$B$766="F8. Phiếu tư vấn (từ lần 2)"))*(INDEX(DREAMH!$K$2:$K$766,MATCH(DREAMH!$A$2:$A$766,DREAMH!$A$2:$A$766,0))="Nam quan hệ tình dục đồng giới (MSM)"))} -> 0 | K32: x | L32: x | M32: x | N32: x
B33: 2 | C33: Số KH được tư vấn cá nhân, trong đó: | E33: {=SUMPRODUCT((DREAMH!$D$2:$D$766="Về nhà")*(DREAMH!$B$2:$B$766="F7. Phiếu tư vấn lần 1"))} -> 0 | F33: {=SUMPRODUCT((DREAMH!$D$2:$D$766="Về nhà")*(DREAMH!$B$2:$B$766="F7. Phiếu tư vấn lần 1")*(INDEX(DREAMH!$K$2:$K$766,MATCH(DREAMH!$A$2:$A$766,DREAMH!$A$2:$A$766,0))="Người sử dụng ma túy (PUD)"))} -> 0 | G33: {=SUMPRODUCT((DREAMH!$D$2:$D$766="Về nhà")*(DREAMH!$B$2:$B$766="F7. Phiếu tư vấn lần 1")*(INDEX(DREAMH!$K$2:$K$766,MATCH(DREAMH!$A$2:$A$766,DREAMH!$A$2:$A$766,0))="Người sống chung với HIV (PLHIV)"))} -> 0 | H33: {=SUMPRODUCT((DREAMH!$D$2:$D$766="Về nhà")*(DREAMH!$B$2:$B$766="F7. Phiếu tư vấn lần 1")*(INDEX(DREAMH!$K$2:$K$766,MATCH(DREAMH!$A$2:$A$766,DREAMH!$A$2:$A$766,0))="Người chuyển giới (TG)"))} -> 0 | I33: {=SUMPRODUCT((DREAMH!$D$2:$D$766="Về nhà")*(DREAMH!$B$2:$B$766="F7. Phiếu tư vấn lần 1")*(INDEX(DREAMH!$K$2:$K$766,MATCH(DREAMH!$A$2:$A$766,DREAMH!$A$2:$A$766,0))="Người bán dâm (SW)"))} -> 0 | J33: {=SUMPRODUCT((DREAMH!$D$2:$D$766="Về nhà")*(DREAMH!$B$2:$B$766="F7. Phiếu tư vấn lần 1")*(INDEX(DREAMH!$K$2:$K$766,MATCH(DREAMH!$A$2:$A$766,DREAMH!$A$2:$A$766,0))="Nam quan hệ tình dục đồng giới (MSM)"))} -> 0 | K33: x | L33: x | M33: x | N33: x
C34: Số KH được tư vấn 1 lần | E34: {=SUMPRODUCT((DREAMH!$D$2:$D$766="Về nhà")*(DREAMH!$B$2:$B$766="F7. Phiếu tư vấn lần 1")*(COUNTIFS(DREAMH!$A$2:$A$766, DREAMH!$A$2:$A$766, DREAMH!$B$2:$B$766, "F8. Phiếu tư vấn (từ lần 2)")=0))} -> 0 | F34: {=SUMPRODUCT((DREAMH!$D$2:$D$766="Về nhà")*(DREAMH!$B$2:$B$766="F7. Phiếu tư vấn lần 1")*(COUNTIFS(DREAMH!$A$2:$A$766, DREAMH!$A$2:$A$766, DREAMH!$B$2:$B$766, "F8. Phiếu tư vấn (từ lần 2)")=0)*(INDEX(DREAMH!$K$2:$K$766,MATCH(DREAMH!$A$2:$A$766,DREAMH!$A$2:$A$766,0))="Người sử dụng ma túy (PUD)"))} -> 0 | G34: {=SUMPRODUCT((DREAMH!$D$2:$D$766="Về nhà")*(DREAMH!$B$2:$B$766="F7. Phiếu tư vấn lần 1")*(COUNTIFS(DREAMH!$A$2:$A$766, DREAMH!$A$2:$A$766, DREAMH!$B$2:$B$766, "F8. Phiếu tư vấn (từ lần 2)")=0)*(INDEX(DREAMH!$K$2:$K$766,MATCH(DREAMH!$A$2:$A$766,DREAMH!$A$2:$A$766,0))="Người sống chung với HIV (PLHIV)"))} -> 0 | H34: {=SUMPRODUCT((DREAMH!$D$2:$D$766="Về nhà")*(DREAMH!$B$2:$B$766="F7. Phiếu tư vấn lần 1")*(COUNTIFS(DREAMH!$A$2:$A$766, DREAMH!$A$2:$A$766, DREAMH!$B$2:$B$766, "F8. Phiếu tư vấn (từ lần 2)")=0)*(INDEX(DREAMH!$K$2:$K$766,MATCH(DREAMH!$A$2:$A$766,DREAMH!$A$2:$A$766,0))="Người chuyển giới (TG)"))} -> 0 | I34: {=SUMPRODUCT((DREAMH!$D$2:$D$766="Về nhà")*(DREAMH!$B$2:$B$766="F7. Phiếu tư vấn lần 1")*(COUNTIFS(DREAMH!$A$2:$A$766, DREAMH!$A$2:$A$766, DREAMH!$B$2:$B$766, "F8. Phiếu tư vấn (từ lần 2)")=0)*(INDEX(DREAMH!$K$2:$K$766,MATCH(DREAMH!$A$2:$A$766,DREAMH!$A$2:$A$766,0))="Người bán dâm (SW)"))} -> 0 | J34: {=SUMPRODUCT((DREAMH!$D$2:$D$766="Về nhà")*(DREAMH!$B$2:$B$766="F7. Phiếu tư vấn lần 1")*(COUNTIFS(DREAMH!$A$2:$A$766, DREAMH!$A$2:$A$766, DREAMH!$B$2:$B$766, "F8. Phiếu tư vấn (từ lần 2)")=0)*(INDEX(DREAMH!$K$2:$K$766,MATCH(DREAMH!$A$2:$A$766,DREAMH!$A$2:$A$766,0))="Nam quan hệ tình dục đồng giới (MSM)"))} -> 0 | L34: x | M34: x | N34: x
C35: Số KH được tư vấn 2 lần | E35: {=SUMPRODUCT((DREAMH!$D$2:$D$766="Về nhà")*(DREAMH!$B$2:$B$766="F8. Phiếu tư vấn (từ lần 2)")*(COUNTIFS(DREAMH!$A$2:$A$766, DREAMH!$A$2:$A$766, DREAMH!$B$2:$B$766, "F8. Phiếu tư vấn (từ lần 2)")=1))} -> 0 | F35: {=SUMPRODUCT((DREAMH!$D$2:$D$766="Về nhà")*(DREAMH!$B$2:$B$766="F8. Phiếu tư vấn (từ lần 2)")*(COUNTIFS(DREAMH!$A$2:$A$766, DREAMH!$A$2:$A$766, DREAMH!$B$2:$B$766, "F8. Phiếu tư vấn (từ lần 2)")=1)*(INDEX(DREAMH!$K$2:$K$766,MATCH(DREAMH!$A$2:$A$766,DREAMH!$A$2:$A$766,0))="Người sử dụng ma túy (PUD)"))} -> 0 | G35: {=SUMPRODUCT((DREAMH!$D$2:$D$766="Về nhà")*(DREAMH!$B$2:$B$766="F8. Phiếu tư vấn (từ lần 2)")*(COUNTIFS(DREAMH!$A$2:$A$766, DREAMH!$A$2:$A$766, DREAMH!$B$2:$B$766, "F8. Phiếu tư vấn (từ lần 2)")=1)*(INDEX(DREAMH!$K$2:$K$766,MATCH(DREAMH!$A$2:$A$766,DREAMH!$A$2:$A$766,0))="Người sống chung với HIV (PLHIV)"))} -> 0 | H35: {=SUMPRODUCT((DREAMH!$D$2:$D$766="Về nhà")*(DREAMH!$B$2:$B$766="F8. Phiếu tư vấn (từ lần 2)")*(COUNTIFS(DREAMH!$A$2:$A$766, DREAMH!$A$2:$A$766, DREAMH!$B$2:$B$766, "F8. Phiếu tư vấn (từ lần 2)")=1)*(INDEX(DREAMH!$K$2:$K$766,MATCH(DREAMH!$A$2:$A$766,DREAMH!$A$2:$A$766,0))="Người chuyển giới (TG)"))} -> 0 | I35: {=SUMPRODUCT((DREAMH!$D$2:$D$766="Về nhà")*(DREAMH!$B$2:$B$766="F8. Phiếu tư vấn (từ lần 2)")*(COUNTIFS(DREAMH!$A$2:$A$766, DREAMH!$A$2:$A$766, DREAMH!$B$2:$B$766, "F8. Phiếu tư vấn (từ lần 2)")=1)*(INDEX(DREAMH!$K$2:$K$766,MATCH(DREAMH!$A$2:$A$766,DREAMH!$A$2:$A$766,0))="Người bán dâm (SW)"))} -> 0 | J35: {=SUMPRODUCT((DREAMH!$D$2:$D$766="Về nhà")*(DREAMH!$B$2:$B$766="F8. Phiếu tư vấn (từ lần 2)")*(COUNTIFS(DREAMH!$A$2:$A$766, DREAMH!$A$2:$A$766, DREAMH!$B$2:$B$766, "F8. Phiếu tư vấn (từ lần 2)")=1)*(INDEX(DREAMH!$K$2:$K$766,MATCH(DREAMH!$A$2:$A$766,DREAMH!$A$2:$A$766,0))="Nam quan hệ tình dục đồng giới (MSM)"))} -> 0 | L35: x | M35: x | N35: x
C36: Số KH được tư vấn từ 3 lần trở lên | E36: {=SUMPRODUCT((DREAMH!$D$2:$D$766="Về nhà")*(DREAMH!$B$2:$B$766="F8. Phiếu tư vấn (từ lần 2)")*(COUNTIFS(DREAMH!$A$2:$A$766, DREAMH!$A$2:$A$766, DREAMH!$B$2:$B$766, "F8. Phiếu tư vấn (từ lần 2)")>=2) / (COUNTIFS(DREAMH!$A$2:$A$766, DREAMH!$A$2:$A$766, DREAMH!$B$2:$B$766, "F8. Phiếu tư vấn (từ lần 2)") + (COUNTIFS(DREAMH!$A$2:$A$766, DREAMH!$A$2:$A$766, DREAMH!$B$2:$B$766, "F8. Phiếu tư vấn (từ lần 2)")=0)))} -> 0 | F36: {=SUMPRODUCT((DREAMH!$D$2:$D$766="Về nhà")*(DREAMH!$B$2:$B$766="F8. Phiếu tư vấn (từ lần 2)")*(COUNTIFS(DREAMH!$A$2:$A$766, DREAMH!$A$2:$A$766, DREAMH!$B$2:$B$766, "F8. Phiếu tư vấn (từ lần 2)")>=2)*(INDEX(DREAMH!$K$2:$K$766,MATCH(DREAMH!$A$2:$A$766,DREAMH!$A$2:$A$766,0))="Người sử dụng ma túy (PUD)") / (COUNTIFS(DREAMH!$A$2:$A$766, DREAMH!$A$2:$A$766, DREAMH!$B$2:$B$766, "F8. Phiếu tư vấn (từ lần 2)") + (COUNTIFS(DREAMH!$A$2:$A$766, DREAMH!$A$2:$A$766, DREAMH!$B$2:$B$766, "F8. Phiếu tư vấn (từ lần 2)")=0)))} -> 0 | G36: {=SUMPRODUCT((DREAMH!$D$2:$D$766="Về nhà")*(DREAMH!$B$2:$B$766="F8. Phiếu tư vấn (từ lần 2)")*(COUNTIFS(DREAMH!$A$2:$A$766, DREAMH!$A$2:$A$766, DREAMH!$B$2:$B$766, "F8. Phiếu tư vấn (từ lần 2)")>=2)*(INDEX(DREAMH!$K$2:$K$766,MATCH(DREAMH!$A$2:$A$766,DREAMH!$A$2:$A$766,0))="Người sống chung với HIV (PLHIV)") / (COUNTIFS(DREAMH!$A$2:$A$766, DREAMH!$A$2:$A$766, DREAMH!$B$2:$B$766, "F8. Phiếu tư vấn (từ lần 2)") + (COUNTIFS(DREAMH!$A$2:$A$766, DREAMH!$A$2:$A$766, DREAMH!$B$2:$B$766, "F8. Phiếu tư vấn (từ lần 2)")=0)))} -> 0 | H36: {=SUMPRODUCT((DREAMH!$D$2:$D$766="Về nhà")*(DREAMH!$B$2:$B$766="F8. Phiếu tư vấn (từ lần 2)")*(COUNTIFS(DREAMH!$A$2:$A$766, DREAMH!$A$2:$A$766, DREAMH!$B$2:$B$766, "F8. Phiếu tư vấn (từ lần 2)")>=2)*(INDEX(DREAMH!$K$2:$K$766,MATCH(DREAMH!$A$2:$A$766,DREAMH!$A$2:$A$766,0))="Người chuyển giới (TG)") / (COUNTIFS(DREAMH!$A$2:$A$766, DREAMH!$A$2:$A$766, DREAMH!$B$2:$B$766, "F8. Phiếu tư vấn (từ lần 2)") + (COUNTIFS(DREAMH!$A$2:$A$766, DREAMH!$A$2:$A$766, DREAMH!$B$2:$B$766, "F8. Phiếu tư vấn (từ lần 2)")=0)))} -> 0 | I36: {=SUMPRODUCT((DREAMH!$D$2:$D$766="Về nhà")*(DREAMH!$B$2:$B$766="F8. Phiếu tư vấn (từ lần 2)")*(COUNTIFS(DREAMH!$A$2:$A$766, DREAMH!$A$2:$A$766, DREAMH!$B$2:$B$766, "F8. Phiếu tư vấn (từ lần 2)")>=2)*(INDEX(DREAMH!$K$2:$K$766,MATCH(DREAMH!$A$2:$A$766,DREAMH!$A$2:$A$766,0))="Người bán dâm (SW)") / (COUNTIFS(DREAMH!$A$2:$A$766, DREAMH!$A$2:$A$766, DREAMH!$B$2:$B$766, "F8. Phiếu tư vấn (từ lần 2)") + (COUNTIFS(DREAMH!$A$2:$A$766, DREAMH!$A$2:$A$766, DREAMH!$B$2:$B$766, "F8. Phiếu tư vấn (từ lần 2)")=0)))} -> 0 | J36: {=SUMPRODUCT((DREAMH!$D$2:$D$766="Về nhà")*(DREAMH!$B$2:$B$766="F8. Phiếu tư vấn (từ lần 2)")*(COUNTIFS(DREAMH!$A$2:$A$766, DREAMH!$A$2:$A$766, DREAMH!$B$2:$B$766, "F8. Phiếu tư vấn (từ lần 2)")>=2)*(INDEX(DREAMH!$K$2:$K$766,MATCH(DREAMH!$A$2:$A$766,DREAMH!$A$2:$A$766,0))="Nam quan hệ tình dục đồng giới (MSM)") / (COUNTIFS(DREAMH!$A$2:$A$766, DREAMH!$A$2:$A$766, DREAMH!$B$2:$B$766, "F8. Phiếu tư vấn (từ lần 2)") + (COUNTIFS(DREAMH!$A$2:$A$766, DREAMH!$A$2:$A$766, DREAMH!$B$2:$B$766, "F8. Phiếu tư vấn (từ lần 2)")=0)))} -> 0 | L36: x | M36: x | N36: x
B37: 3 | C37: Số lượt KH được tham gia sinh hoạt nhóm | E37: {=SUMPRODUCT((DREAMH!$D$2:$D$766="Về nhà")*(DREAMH!$B$2:$B$766="F2. Truyền thông, sinh hoạt nhóm, vòng tròn chia sẻ, trị liệu nghệ thuật")*(DREAMH!$AA$2:$AA$766="Sinh hoạt nhóm"))} -> 0 | F37: {=SUMPRODUCT((DREAMH!$D$2:$D$766="Về nhà")*(DREAMH!$B$2:$B$766="F2. Truyền thông, sinh hoạt nhóm, vòng tròn chia sẻ, trị liệu nghệ thuật")*(DREAMH!$AA$2:$AA$766="Sinh hoạt nhóm")*(INDEX(DREAMH!$K$2:$K$766,MATCH(DREAMH!$A$2:$A$766,DREAMH!$A$2:$A$766,0))="Người sử dụng ma túy (PUD)"))} -> 0 | G37: {=SUMPRODUCT((DREAMH!$D$2:$D$766="Về nhà")*(DREAMH!$B$2:$B$766="F2. Truyền thông, sinh hoạt nhóm, vòng tròn chia sẻ, trị liệu nghệ thuật")*(DREAMH!$AA$2:$AA$766="Sinh hoạt nhóm")*(INDEX(DREAMH!$K$2:$K$766,MATCH(DREAMH!$A$2:$A$766,DREAMH!$A$2:$A$766,0))="Người sống chung với HIV (PLHIV)"))} -> 0 | H37: {=SUMPRODUCT((DREAMH!$D$2:$D$766="Về nhà")*(DREAMH!$B$2:$B$766="F2. Truyền thông, sinh hoạt nhóm, vòng tròn chia sẻ, trị liệu nghệ thuật")*(DREAMH!$AA$2:$AA$766="Sinh hoạt nhóm")*(INDEX(DREAMH!$K$2:$K$766,MATCH(DREAMH!$A$2:$A$766,DREAMH!$A$2:$A$766,0))="Người chuyển giới (TG)"))} -> 0 | I37: {=SUMPRODUCT((DREAMH!$D$2:$D$766="Về nhà")*(DREAMH!$B$2:$B$766="F2. Truyền thông, sinh hoạt nhóm, vòng tròn chia sẻ, trị liệu nghệ thuật")*(DREAMH!$AA$2:$AA$766="Sinh hoạt nhóm")*(INDEX(DREAMH!$K$2:$K$766,MATCH(DREAMH!$A$2:$A$766,DREAMH!$A$2:$A$766,0))="Người bán dâm (SW)"))} -> 0 | J37: {=SUMPRODUCT((DREAMH!$D$2:$D$766="Về nhà")*(DREAMH!$B$2:$B$766="F2. Truyền thông, sinh hoạt nhóm, vòng tròn chia sẻ, trị liệu nghệ thuật")*(DREAMH!$AA$2:$AA$766="Sinh hoạt nhóm")*(INDEX(DREAMH!$K$2:$K$766,MATCH(DREAMH!$A$2:$A$766,DREAMH!$A$2:$A$766,0))="Nam quan hệ tình dục đồng giới (MSM)"))} -> 0 | K37: x | L37: x | M37: x | N37: x | O37: Dữ liệu từ biểu mẫu sinh hoạt nhóm và can thiệp chữa lành | P37: Tổng số lượt trong tháng (dễ nhìn check báo cáo và thánh quyết toán)
B38: 4 | C38: Số KH được tham gia sinh hoạt nhóm | E38: {=SUMPRODUCT(((DREAMH!$D$2:$D$766="Về nhà")*(DREAMH!$B$2:$B$766="F2. Truyền thông, sinh hoạt nhóm, vòng tròn chia sẻ, trị liệu nghệ thuật")*(DREAMH!$AA$2:$AA$766="Sinh hoạt nhóm"))/(COUNTIFS(DREAMH!$A$2:$A$766,DREAMH!$A$2:$A$766,DREAMH!$B$2:$B$766,"F2. Truyền thông, sinh hoạt nhóm, vòng tròn chia sẻ, trị liệu nghệ thuật",DREAMH!$AA$2:$AA$766,"Sinh hoạt nhóm")+(COUNTIFS(DREAMH!$A$2:$A$766,DREAMH!$A$2:$A$766,DREAMH!$B$2:$B$766,"F2. Truyền thông, sinh hoạt nhóm, vòng tròn chia sẻ, trị liệu nghệ thuật",DREAMH!$AA$2:$AA$766,"Sinh hoạt nhóm")=0)))} -> 0 | F38: {=SUMPRODUCT(((DREAMH!$D$2:$D$766="Về nhà")*(DREAMH!$B$2:$B$766="F2. Truyền thông, sinh hoạt nhóm, vòng tròn chia sẻ, trị liệu nghệ thuật")*(DREAMH!$AA$2:$AA$766="Sinh hoạt nhóm"))*(INDEX(DREAMH!$K$2:$K$766,MATCH(DREAMH!$A$2:$A$766,DREAMH!$A$2:$A$766,0))="Người sử dụng ma túy (PUD)")/(COUNTIFS(DREAMH!$A$2:$A$766,DREAMH!$A$2:$A$766,DREAMH!$B$2:$B$766,"F2. Truyền thông, sinh hoạt nhóm, vòng tròn chia sẻ, trị liệu nghệ thuật",DREAMH!$AA$2:$AA$766,"Sinh hoạt nhóm")+(COUNTIFS(DREAMH!$A$2:$A$766,DREAMH!$A$2:$A$766,DREAMH!$B$2:$B$766,"F2. Truyền thông, sinh hoạt nhóm, vòng tròn chia sẻ, trị liệu nghệ thuật",DREAMH!$AA$2:$AA$766,"Sinh hoạt nhóm")=0)))} -> 0 | G38: {=SUMPRODUCT(((DREAMH!$D$2:$D$766="Về nhà")*(DREAMH!$B$2:$B$766="F2. Truyền thông, sinh hoạt nhóm, vòng tròn chia sẻ, trị liệu nghệ thuật")*(DREAMH!$AA$2:$AA$766="Sinh hoạt nhóm"))*(INDEX(DREAMH!$K$2:$K$766,MATCH(DREAMH!$A$2:$A$766,DREAMH!$A$2:$A$766,0))="Người sống chung với HIV (PLHIV)")/(COUNTIFS(DREAMH!$A$2:$A$766,DREAMH!$A$2:$A$766,DREAMH!$B$2:$B$766,"F2. Truyền thông, sinh hoạt nhóm, vòng tròn chia sẻ, trị liệu nghệ thuật",DREAMH!$AA$2:$AA$766,"Sinh hoạt nhóm")+(COUNTIFS(DREAMH!$A$2:$A$766,DREAMH!$A$2:$A$766,DREAMH!$B$2:$B$766,"F2. Truyền thông, sinh hoạt nhóm, vòng tròn chia sẻ, trị liệu nghệ thuật",DREAMH!$AA$2:$AA$766,"Sinh hoạt nhóm")=0)))} -> 0 | H38: {=SUMPRODUCT(((DREAMH!$D$2:$D$766="Về nhà")*(DREAMH!$B$2:$B$766="F2. Truyền thông, sinh hoạt nhóm, vòng tròn chia sẻ, trị liệu nghệ thuật")*(DREAMH!$AA$2:$AA$766="Sinh hoạt nhóm"))*(INDEX(DREAMH!$K$2:$K$766,MATCH(DREAMH!$A$2:$A$766,DREAMH!$A$2:$A$766,0))="Người chuyển giới (TG)")/(COUNTIFS(DREAMH!$A$2:$A$766,DREAMH!$A$2:$A$766,DREAMH!$B$2:$B$766,"F2. Truyền thông, sinh hoạt nhóm, vòng tròn chia sẻ, trị liệu nghệ thuật",DREAMH!$AA$2:$AA$766,"Sinh hoạt nhóm")+(COUNTIFS(DREAMH!$A$2:$A$766,DREAMH!$A$2:$A$766,DREAMH!$B$2:$B$766,"F2. Truyền thông, sinh hoạt nhóm, vòng tròn chia sẻ, trị liệu nghệ thuật",DREAMH!$AA$2:$AA$766,"Sinh hoạt nhóm")=0)))} -> 0 | I38: {=SUMPRODUCT(((DREAMH!$D$2:$D$766="Về nhà")*(DREAMH!$B$2:$B$766="F2. Truyền thông, sinh hoạt nhóm, vòng tròn chia sẻ, trị liệu nghệ thuật")*(DREAMH!$AA$2:$AA$766="Sinh hoạt nhóm"))*(INDEX(DREAMH!$K$2:$K$766,MATCH(DREAMH!$A$2:$A$766,DREAMH!$A$2:$A$766,0))="Người bán dâm (SW)")/(COUNTIFS(DREAMH!$A$2:$A$766,DREAMH!$A$2:$A$766,DREAMH!$B$2:$B$766,"F2. Truyền thông, sinh hoạt nhóm, vòng tròn chia sẻ, trị liệu nghệ thuật",DREAMH!$AA$2:$AA$766,"Sinh hoạt nhóm")+(COUNTIFS(DREAMH!$A$2:$A$766,DREAMH!$A$2:$A$766,DREAMH!$B$2:$B$766,"F2. Truyền thông, sinh hoạt nhóm, vòng tròn chia sẻ, trị liệu nghệ thuật",DREAMH!$AA$2:$AA$766,"Sinh hoạt nhóm")=0)))} -> 0 | J38: {=SUMPRODUCT(((DREAMH!$D$2:$D$766="Về nhà")*(DREAMH!$B$2:$B$766="F2. Truyền thông, sinh hoạt nhóm, vòng tròn chia sẻ, trị liệu nghệ thuật")*(DREAMH!$AA$2:$AA$766="Sinh hoạt nhóm"))*(INDEX(DREAMH!$K$2:$K$766,MATCH(DREAMH!$A$2:$A$766,DREAMH!$A$2:$A$766,0))="Nam quan hệ tình dục đồng giới (MSM)")/(COUNTIFS(DREAMH!$A$2:$A$766,DREAMH!$A$2:$A$766,DREAMH!$B$2:$B$766,"F2. Truyền thông, sinh hoạt nhóm, vòng tròn chia sẻ, trị liệu nghệ thuật",DREAMH!$AA$2:$AA$766,"Sinh hoạt nhóm")+(COUNTIFS(DREAMH!$A$2:$A$766,DREAMH!$A$2:$A$766,DREAMH!$B$2:$B$766,"F2. Truyền thông, sinh hoạt nhóm, vòng tròn chia sẻ, trị liệu nghệ thuật",DREAMH!$AA$2:$AA$766,"Sinh hoạt nhóm")=0)))} -> 0 | K38: x | L38: x | M38: x | N38: x
B39: 5 | C39: Số lượt KH được tham gia can thiệp chữa lành | E39: {=SUMPRODUCT((DREAMH!$D$2:$D$766="Về nhà")*(DREAMH!$B$2:$B$766="F2. Truyền thông, sinh hoạt nhóm, vòng tròn chia sẻ, trị liệu nghệ thuật")*(DREAMH!$AA$2:$AA$766="Can thiệp chữa lành"))} -> 0 | F39: {=SUMPRODUCT((DREAMH!$D$2:$D$766="Về nhà")*(DREAMH!$B$2:$B$766="F2. Truyền thông, sinh hoạt nhóm, vòng tròn chia sẻ, trị liệu nghệ thuật")*(DREAMH!$AA$2:$AA$766="Can thiệp chữa lành")*(INDEX(DREAMH!$K$2:$K$766,MATCH(DREAMH!$A$2:$A$766,DREAMH!$A$2:$A$766,0))="Người sử dụng ma túy (PUD)"))} -> 0 | G39: {=SUMPRODUCT((DREAMH!$D$2:$D$766="Về nhà")*(DREAMH!$B$2:$B$766="F2. Truyền thông, sinh hoạt nhóm, vòng tròn chia sẻ, trị liệu nghệ thuật")*(DREAMH!$AA$2:$AA$766="Can thiệp chữa lành")*(INDEX(DREAMH!$K$2:$K$766,MATCH(DREAMH!$A$2:$A$766,DREAMH!$A$2:$A$766,0))="Người sống chung với HIV (PLHIV)"))} -> 0 | H39: {=SUMPRODUCT((DREAMH!$D$2:$D$766="Về nhà")*(DREAMH!$B$2:$B$766="F2. Truyền thông, sinh hoạt nhóm, vòng tròn chia sẻ, trị liệu nghệ thuật")*(DREAMH!$AA$2:$AA$766="Can thiệp chữa lành")*(INDEX(DREAMH!$K$2:$K$766,MATCH(DREAMH!$A$2:$A$766,DREAMH!$A$2:$A$766,0))="Người chuyển giới (TG)"))} -> 0 | I39: {=SUMPRODUCT((DREAMH!$D$2:$D$766="Về nhà")*(DREAMH!$B$2:$B$766="F2. Truyền thông, sinh hoạt nhóm, vòng tròn chia sẻ, trị liệu nghệ thuật")*(DREAMH!$AA$2:$AA$766="Can thiệp chữa lành")*(INDEX(DREAMH!$K$2:$K$766,MATCH(DREAMH!$A$2:$A$766,DREAMH!$A$2:$A$766,0))="Người bán dâm (SW)"))} -> 0 | J39: {=SUMPRODUCT((DREAMH!$D$2:$D$766="Về nhà")*(DREAMH!$B$2:$B$766="F2. Truyền thông, sinh hoạt nhóm, vòng tròn chia sẻ, trị liệu nghệ thuật")*(DREAMH!$AA$2:$AA$766="Can thiệp chữa lành")*(INDEX(DREAMH!$K$2:$K$766,MATCH(DREAMH!$A$2:$A$766,DREAMH!$A$2:$A$766,0))="Nam quan hệ tình dục đồng giới (MSM)"))} -> 0 | K39: x | L39: x | M39: x | N39: x
B40: 6 | C40: Số KH được tham gia can thiệp chữa lành | E40: {=SUMPRODUCT(((DREAMH!$D$2:$D$766="Về nhà")*(DREAMH!$B$2:$B$766="F2. Truyền thông, sinh hoạt nhóm, vòng tròn chia sẻ, trị liệu nghệ thuật")*(DREAMH!$AA$2:$AA$766="Can thiệp chữa lành"))/(COUNTIFS(DREAMH!$A$2:$A$766,DREAMH!$A$2:$A$766,DREAMH!$B$2:$B$766,"F2. Truyền thông, sinh hoạt nhóm, vòng tròn chia sẻ, trị liệu nghệ thuật",DREAMH!$AA$2:$AA$766,"Can thiệp chữa lành")+(COUNTIFS(DREAMH!$A$2:$A$766,DREAMH!$A$2:$A$766,DREAMH!$B$2:$B$766,"F2. Truyền thông, sinh hoạt nhóm, vòng tròn chia sẻ, trị liệu nghệ thuật",DREAMH!$AA$2:$AA$766,"Can thiệp chữa lành")=0)))} -> 0 | F40: {=SUMPRODUCT(((DREAMH!$D$2:$D$766="Về nhà")*(DREAMH!$B$2:$B$766="F2. Truyền thông, sinh hoạt nhóm, vòng tròn chia sẻ, trị liệu nghệ thuật")*(DREAMH!$AA$2:$AA$766="Can thiệp chữa lành"))*(INDEX(DREAMH!$K$2:$K$766,MATCH(DREAMH!$A$2:$A$766,DREAMH!$A$2:$A$766,0))="Người sử dụng ma túy (PUD)")/(COUNTIFS(DREAMH!$A$2:$A$766,DREAMH!$A$2:$A$766,DREAMH!$B$2:$B$766,"F2. Truyền thông, sinh hoạt nhóm, vòng tròn chia sẻ, trị liệu nghệ thuật",DREAMH!$AA$2:$AA$766,"Can thiệp chữa lành")+(COUNTIFS(DREAMH!$A$2:$A$766,DREAMH!$A$2:$A$766,DREAMH!$B$2:$B$766,"F2. Truyền thông, sinh hoạt nhóm, vòng tròn chia sẻ, trị liệu nghệ thuật",DREAMH!$AA$2:$AA$766,"Can thiệp chữa lành")=0)))} -> 0 | G40: {=SUMPRODUCT(((DREAMH!$D$2:$D$766="Về nhà")*(DREAMH!$B$2:$B$766="F2. Truyền thông, sinh hoạt nhóm, vòng tròn chia sẻ, trị liệu nghệ thuật")*(DREAMH!$AA$2:$AA$766="Can thiệp chữa lành"))*(INDEX(DREAMH!$K$2:$K$766,MATCH(DREAMH!$A$2:$A$766,DREAMH!$A$2:$A$766,0))="Người sống chung với HIV (PLHIV)")/(COUNTIFS(DREAMH!$A$2:$A$766,DREAMH!$A$2:$A$766,DREAMH!$B$2:$B$766,"F2. Truyền thông, sinh hoạt nhóm, vòng tròn chia sẻ, trị liệu nghệ thuật",DREAMH!$AA$2:$AA$766,"Can thiệp chữa lành")+(COUNTIFS(DREAMH!$A$2:$A$766,DREAMH!$A$2:$A$766,DREAMH!$B$2:$B$766,"F2. Truyền thông, sinh hoạt nhóm, vòng tròn chia sẻ, trị liệu nghệ thuật",DREAMH!$AA$2:$AA$766,"Can thiệp chữa lành")=0)))} -> 0 | H40: {=SUMPRODUCT(((DREAMH!$D$2:$D$766="Về nhà")*(DREAMH!$B$2:$B$766="F2. Truyền thông, sinh hoạt nhóm, vòng tròn chia sẻ, trị liệu nghệ thuật")*(DREAMH!$AA$2:$AA$766="Can thiệp chữa lành"))*(INDEX(DREAMH!$K$2:$K$766,MATCH(DREAMH!$A$2:$A$766,DREAMH!$A$2:$A$766,0))="Người chuyển giới (TG)")/(COUNTIFS(DREAMH!$A$2:$A$766,DREAMH!$A$2:$A$766,DREAMH!$B$2:$B$766,"F2. Truyền thông, sinh hoạt nhóm, vòng tròn chia sẻ, trị liệu nghệ thuật",DREAMH!$AA$2:$AA$766,"Can thiệp chữa lành")+(COUNTIFS(DREAMH!$A$2:$A$766,DREAMH!$A$2:$A$766,DREAMH!$B$2:$B$766,"F2. Truyền thông, sinh hoạt nhóm, vòng tròn chia sẻ, trị liệu nghệ thuật",DREAMH!$AA$2:$AA$766,"Can thiệp chữa lành")=0)))} -> 0 | I40: {=SUMPRODUCT(((DREAMH!$D$2:$D$766="Về nhà")*(DREAMH!$B$2:$B$766="F2. Truyền thông, sinh hoạt nhóm, vòng tròn chia sẻ, trị liệu nghệ thuật")*(DREAMH!$AA$2:$AA$766="Can thiệp chữa lành"))*(INDEX(DREAMH!$K$2:$K$766,MATCH(DREAMH!$A$2:$A$766,DREAMH!$A$2:$A$766,0))="Người bán dâm (SW)")/(COUNTIFS(DREAMH!$A$2:$A$766,DREAMH!$A$2:$A$766,DREAMH!$B$2:$B$766,"F2. Truyền thông, sinh hoạt nhóm, vòng tròn chia sẻ, trị liệu nghệ thuật",DREAMH!$AA$2:$AA$766,"Can thiệp chữa lành")+(COUNTIFS(DREAMH!$A$2:$A$766,DREAMH!$A$2:$A$766,DREAMH!$B$2:$B$766,"F2. Truyền thông, sinh hoạt nhóm, vòng tròn chia sẻ, trị liệu nghệ thuật",DREAMH!$AA$2:$AA$766,"Can thiệp chữa lành")=0)))} -> 0 | J40: {=SUMPRODUCT(((DREAMH!$D$2:$D$766="Về nhà")*(DREAMH!$B$2:$B$766="F2. Truyền thông, sinh hoạt nhóm, vòng tròn chia sẻ, trị liệu nghệ thuật")*(DREAMH!$AA$2:$AA$766="Can thiệp chữa lành"))*(INDEX(DREAMH!$K$2:$K$766,MATCH(DREAMH!$A$2:$A$766,DREAMH!$A$2:$A$766,0))="Nam quan hệ tình dục đồng giới (MSM)")/(COUNTIFS(DREAMH!$A$2:$A$766,DREAMH!$A$2:$A$766,DREAMH!$B$2:$B$766,"F2. Truyền thông, sinh hoạt nhóm, vòng tròn chia sẻ, trị liệu nghệ thuật",DREAMH!$AA$2:$AA$766,"Can thiệp chữa lành")+(COUNTIFS(DREAMH!$A$2:$A$766,DREAMH!$A$2:$A$766,DREAMH!$B$2:$B$766,"F2. Truyền thông, sinh hoạt nhóm, vòng tròn chia sẻ, trị liệu nghệ thuật",DREAMH!$AA$2:$AA$766,"Can thiệp chữa lành")=0)))} -> 0 | K40: x | L40: x | M40: x | N40: x
B41: V | C41: CAN THIỆP ONLINE
B42: 1 | C42: Số lượt KH được can thiệp online | K42: x | L42: x | M42: x | N42: x | O42: Chưa thống nhất việc thu thập thông tin và cach can thiệp (ứng dụng intellect) | P42: Chưa có biểu mẫu REDCap tương ứng trong DREAMH (thiếu F1-Tư vấn cá nhân/F4-Can thiệp online/F7-F8). Cần bổ sung instrument để tính tự động.
B43: 2 | C43: Số KH được can thiệp online | K43: x | L43: x | M43: x | N43: x | P43: Chưa có biểu mẫu REDCap tương ứng trong DREAMH (thiếu F1-Tư vấn cá nhân/F4-Can thiệp online/F7-F8). Cần bổ sung instrument để tính tự động.
B44: VI | C44: DỊCH VỤ CHUYỂN GỬI KHÁC
B45: 1 | C45: Số KH được chuyển gửi dịch vụ/xét nghiệm thành công | D45: - PREP | K45: x | L45: x | M45: x | N45: x | O45: Hiện đang chưa có cơ chế hỗ trợ fixed và thu thập dữ liệu cho những chuyển gửi này. Có thu thập những dữ liệu này không? Nếu có, bổ sung biểu mẫu nhập liệu, nếu không thì bỏ dòng này
D46: - PEP | K46: x | L46: x | M46: x | N46: x
D47: - Khám/điều trị STIs | K47: x | L47: x | M47: x | N47: x
D48: - XN/Điều trị Viêm gan B,C | K48: x | L48: x | M48: x | N48: x
D49: - Methadone | K49: x | L49: x | M49: x | N49: x
D50: - Dịch vụ y tế khác | K50: x | L50: x | M50: x | N50: x
B51: VII | C51: PHÁT TÀI LIỆU TRUYỀN THÔNG
B52: 1 | C52: Số quyển tài liệu đã phát | K52: x | L52: x | M52: x | N52: x | O52: Có dữ liệu trong các hoạt động nhóm (truyền thông, sinh hoạt, can thiệp chữa lành). Có bổ sung thêm trường này trong phiếu tư vấn không vì vẫn có thể phát tài liệu trong các buổi tư vấn?
B53: 2 | C53: Số KH nhận tài liệu | K53: x | L53: x | M53: x | N53: x

Sheet Its T time
C2: BÁO CÁO KẾT QUẢ HOẠT ĐỘNG
C3: Kỳ báo cáo: | F3: Tính theo nhóm KP hay nam/nữ/TG? | K3: Loại báo cáo
B4: # | C4: Thông tin báo cáo | E4: Tổng | F4: PUD | G4: PLHIV | H4: TG | I4: SW | J4: MSM | K4: Tháng | L4: Quý | M4: 6T | N4: 12T | O4: Nguồn số liệu | P4: Notes
B5: I | C5: THÔNG TIN CHUNG
B6: 1 | C6: Tổng số KH được chăm sóc từ đầu dự án | E6: {=SUMPRODUCT((DREAMH!$D$2:$D$766="Its T time")*(DREAMH!$B$2:$B$766=""))} -> 9 | F6: {=SUMPRODUCT((DREAMH!$D$2:$D$766="Its T time")*(DREAMH!$B$2:$B$766="")*(INDEX(DREAMH!$K$2:$K$766,MATCH(DREAMH!$A$2:$A$766,DREAMH!$A$2:$A$766,0))="Người sử dụng ma túy (PUD)"))} -> 0 | G6: {=SUMPRODUCT((DREAMH!$D$2:$D$766="Its T time")*(DREAMH!$B$2:$B$766="")*(INDEX(DREAMH!$K$2:$K$766,MATCH(DREAMH!$A$2:$A$766,DREAMH!$A$2:$A$766,0))="Người sống chung với HIV (PLHIV)"))} -> 0 | H6: {=SUMPRODUCT((DREAMH!$D$2:$D$766="Its T time")*(DREAMH!$B$2:$B$766="")*(INDEX(DREAMH!$K$2:$K$766,MATCH(DREAMH!$A$2:$A$766,DREAMH!$A$2:$A$766,0))="Người chuyển giới (TG)"))} -> 9 | I6: {=SUMPRODUCT((DREAMH!$D$2:$D$766="Its T time")*(DREAMH!$B$2:$B$766="")*(INDEX(DREAMH!$K$2:$K$766,MATCH(DREAMH!$A$2:$A$766,DREAMH!$A$2:$A$766,0))="Người bán dâm (SW)"))} -> 0 | J6: {=SUMPRODUCT((DREAMH!$D$2:$D$766="Its T time")*(DREAMH!$B$2:$B$766="")*(INDEX(DREAMH!$K$2:$K$766,MATCH(DREAMH!$A$2:$A$766,DREAMH!$A$2:$A$766,0))="Nam quan hệ tình dục đồng giới (MSM)"))} -> 0 | L6: x | M6: x | N6: x | O6: Dữ liệu từ các biểu mẫu (KH nhận bất cứ dịch vụ gì)
B7: 2 | C7: Tổng số KH được chăm sóc trong kỳ báo cáo | E7: {=SUMPRODUCT((DREAMH!$D$2:$D$766="Its T time")*(DREAMH!$B$2:$B$766=""))} -> 9 | F7: {=SUMPRODUCT((DREAMH!$D$2:$D$766="Its T time")*(DREAMH!$B$2:$B$766="")*(INDEX(DREAMH!$K$2:$K$766,MATCH(DREAMH!$A$2:$A$766,DREAMH!$A$2:$A$766,0))="Người sử dụng ma túy (PUD)"))} -> 0 | G7: {=SUMPRODUCT((DREAMH!$D$2:$D$766="Its T time")*(DREAMH!$B$2:$B$766="")*(INDEX(DREAMH!$K$2:$K$766,MATCH(DREAMH!$A$2:$A$766,DREAMH!$A$2:$A$766,0))="Người sống chung với HIV (PLHIV)"))} -> 0 | H7: {=SUMPRODUCT((DREAMH!$D$2:$D$766="Its T time")*(DREAMH!$B$2:$B$766="")*(INDEX(DREAMH!$K$2:$K$766,MATCH(DREAMH!$A$2:$A$766,DREAMH!$A$2:$A$766,0))="Người chuyển giới (TG)"))} -> 9 | I7: {=SUMPRODUCT((DREAMH!$D$2:$D$766="Its T time")*(DREAMH!$B$2:$B$766="")*(INDEX(DREAMH!$K$2:$K$766,MATCH(DREAMH!$A$2:$A$766,DREAMH!$A$2:$A$766,0))="Người bán dâm (SW)"))} -> 0 | J7: {=SUMPRODUCT((DREAMH!$D$2:$D$766="Its T time")*(DREAMH!$B$2:$B$766="")*(INDEX(DREAMH!$K$2:$K$766,MATCH(DREAMH!$A$2:$A$766,DREAMH!$A$2:$A$766,0))="Nam quan hệ tình dục đồng giới (MSM)"))} -> 0 | K7: x | L7: x | M7: x | N7: x | O7: Dữ liệu từ các biểu mẫu (KH nhận bất cứ dịch vụ gì)
B8: 3 | C8: Số KH mất dấu trong kỳ báo cáo | E8: {=SUMPRODUCT((DREAMH!$D$2:$D$766="Its T time")*(DREAMH!$B$2:$B$766="F9. Theo dấu khách hàng")*(DREAMH!$JA$2:$JA$766="Chọn"))} -> 0 | F8: {=SUMPRODUCT((DREAMH!$D$2:$D$766="Its T time")*(DREAMH!$B$2:$B$766="F9. Theo dấu khách hàng")*(DREAMH!$JA$2:$JA$766="Chọn")*(INDEX(DREAMH!$K$2:$K$766,MATCH(DREAMH!$A$2:$A$766,DREAMH!$A$2:$A$766,0))="Người sử dụng ma túy (PUD)"))} -> 0 | G8: {=SUMPRODUCT((DREAMH!$D$2:$D$766="Its T time")*(DREAMH!$B$2:$B$766="F9. Theo dấu khách hàng")*(DREAMH!$JA$2:$JA$766="Chọn")*(INDEX(DREAMH!$K$2:$K$766,MATCH(DREAMH!$A$2:$A$766,DREAMH!$A$2:$A$766,0))="Người sống chung với HIV (PLHIV)"))} -> 0 | H8: {=SUMPRODUCT((DREAMH!$D$2:$D$766="Its T time")*(DREAMH!$B$2:$B$766="F9. Theo dấu khách hàng")*(DREAMH!$JA$2:$JA$766="Chọn")*(INDEX(DREAMH!$K$2:$K$766,MATCH(DREAMH!$A$2:$A$766,DREAMH!$A$2:$A$766,0))="Người chuyển giới (TG)"))} -> 0 | I8: {=SUMPRODUCT((DREAMH!$D$2:$D$766="Its T time")*(DREAMH!$B$2:$B$766="F9. Theo dấu khách hàng")*(DREAMH!$JA$2:$JA$766="Chọn")*(INDEX(DREAMH!$K$2:$K$766,MATCH(DREAMH!$A$2:$A$766,DREAMH!$A$2:$A$766,0))="Người bán dâm (SW)"))} -> 0 | J8: {=SUMPRODUCT((DREAMH!$D$2:$D$766="Its T time")*(DREAMH!$B$2:$B$766="F9. Theo dấu khách hàng")*(DREAMH!$JA$2:$JA$766="Chọn")*(INDEX(DREAMH!$K$2:$K$766,MATCH(DREAMH!$A$2:$A$766,DREAMH!$A$2:$A$766,0))="Nam quan hệ tình dục đồng giới (MSM)"))} -> 0 | L8: x | M8: x | N8: x | O8: Dữ liệu từ biểu mẫu theo dấu KH | P8: Ghi nhận những KH được tính là mất dấu và được nhập liệu trên Redcap
B9: II | C9: HOẠT ĐỘNG TRUYỀN THÔNG
B10: 1 | C10: Số KH được tham gia truyền thông lần 1 | E10: {=SUMPRODUCT((DREAMH!$D$2:$D$766="Its T time")*(DREAMH!$B$2:$B$766="F2. Truyền thông, sinh hoạt nhóm, vòng tròn chia sẻ, trị liệu nghệ thuật")*(DREAMH!$AA$2:$AA$766="Truyền thông")*(DREAMH!$C$2:$C$766=1))} -> 9 | F10: {=SUMPRODUCT((DREAMH!$D$2:$D$766="Its T time")*(DREAMH!$B$2:$B$766="F2. Truyền thông, sinh hoạt nhóm, vòng tròn chia sẻ, trị liệu nghệ thuật")*(DREAMH!$AA$2:$AA$766="Truyền thông")*(DREAMH!$C$2:$C$766=1)*(INDEX(DREAMH!$K$2:$K$766,MATCH(DREAMH!$A$2:$A$766,DREAMH!$A$2:$A$766,0))="Người sử dụng ma túy (PUD)"))} -> 0 | G10: {=SUMPRODUCT((DREAMH!$D$2:$D$766="Its T time")*(DREAMH!$B$2:$B$766="F2. Truyền thông, sinh hoạt nhóm, vòng tròn chia sẻ, trị liệu nghệ thuật")*(DREAMH!$AA$2:$AA$766="Truyền thông")*(DREAMH!$C$2:$C$766=1)*(INDEX(DREAMH!$K$2:$K$766,MATCH(DREAMH!$A$2:$A$766,DREAMH!$A$2:$A$766,0))="Người sống chung với HIV (PLHIV)"))} -> 0 | H10: {=SUMPRODUCT((DREAMH!$D$2:$D$766="Its T time")*(DREAMH!$B$2:$B$766="F2. Truyền thông, sinh hoạt nhóm, vòng tròn chia sẻ, trị liệu nghệ thuật")*(DREAMH!$AA$2:$AA$766="Truyền thông")*(DREAMH!$C$2:$C$766=1)*(INDEX(DREAMH!$K$2:$K$766,MATCH(DREAMH!$A$2:$A$766,DREAMH!$A$2:$A$766,0))="Người chuyển giới (TG)"))} -> 9 | I10: {=SUMPRODUCT((DREAMH!$D$2:$D$766="Its T time")*(DREAMH!$B$2:$B$766="F2. Truyền thông, sinh hoạt nhóm, vòng tròn chia sẻ, trị liệu nghệ thuật")*(DREAMH!$AA$2:$AA$766="Truyền thông")*(DREAMH!$C$2:$C$766=1)*(INDEX(DREAMH!$K$2:$K$766,MATCH(DREAMH!$A$2:$A$766,DREAMH!$A$2:$A$766,0))="Người bán dâm (SW)"))} -> 0 | J10: {=SUMPRODUCT((DREAMH!$D$2:$D$766="Its T time")*(DREAMH!$B$2:$B$766="F2. Truyền thông, sinh hoạt nhóm, vòng tròn chia sẻ, trị liệu nghệ thuật")*(DREAMH!$AA$2:$AA$766="Truyền thông")*(DREAMH!$C$2:$C$766=1)*(INDEX(DREAMH!$K$2:$K$766,MATCH(DREAMH!$A$2:$A$766,DREAMH!$A$2:$A$766,0))="Nam quan hệ tình dục đồng giới (MSM)"))} -> 0 | K10: x | L10: x | M10: x | N10: x | O10: Dữ liệu từ biểu mẫu truyền thông
B11: 2 | C11: Số KH được tham gia truyền thông lần 2 | E11: {=SUMPRODUCT((DREAMH!$D$2:$D$766="Its T time")*(DREAMH!$B$2:$B$766="F2. Truyền thông, sinh hoạt nhóm, vòng tròn chia sẻ, trị liệu nghệ thuật")*(DREAMH!$AA$2:$AA$766="Truyền thông")*(DREAMH!$C$2:$C$766=2))} -> 0 | F11: {=SUMPRODUCT((DREAMH!$D$2:$D$766="Its T time")*(DREAMH!$B$2:$B$766="F2. Truyền thông, sinh hoạt nhóm, vòng tròn chia sẻ, trị liệu nghệ thuật")*(DREAMH!$AA$2:$AA$766="Truyền thông")*(DREAMH!$C$2:$C$766=2)*(INDEX(DREAMH!$K$2:$K$766,MATCH(DREAMH!$A$2:$A$766,DREAMH!$A$2:$A$766,0))="Người sử dụng ma túy (PUD)"))} -> 0 | G11: {=SUMPRODUCT((DREAMH!$D$2:$D$766="Its T time")*(DREAMH!$B$2:$B$766="F2. Truyền thông, sinh hoạt nhóm, vòng tròn chia sẻ, trị liệu nghệ thuật")*(DREAMH!$AA$2:$AA$766="Truyền thông")*(DREAMH!$C$2:$C$766=2)*(INDEX(DREAMH!$K$2:$K$766,MATCH(DREAMH!$A$2:$A$766,DREAMH!$A$2:$A$766,0))="Người sống chung với HIV (PLHIV)"))} -> 0 | H11: {=SUMPRODUCT((DREAMH!$D$2:$D$766="Its T time")*(DREAMH!$B$2:$B$766="F2. Truyền thông, sinh hoạt nhóm, vòng tròn chia sẻ, trị liệu nghệ thuật")*(DREAMH!$AA$2:$AA$766="Truyền thông")*(DREAMH!$C$2:$C$766=2)*(INDEX(DREAMH!$K$2:$K$766,MATCH(DREAMH!$A$2:$A$766,DREAMH!$A$2:$A$766,0))="Người chuyển giới (TG)"))} -> 0 | I11: {=SUMPRODUCT((DREAMH!$D$2:$D$766="Its T time")*(DREAMH!$B$2:$B$766="F2. Truyền thông, sinh hoạt nhóm, vòng tròn chia sẻ, trị liệu nghệ thuật")*(DREAMH!$AA$2:$AA$766="Truyền thông")*(DREAMH!$C$2:$C$766=2)*(INDEX(DREAMH!$K$2:$K$766,MATCH(DREAMH!$A$2:$A$766,DREAMH!$A$2:$A$766,0))="Người bán dâm (SW)"))} -> 0 | J11: {=SUMPRODUCT((DREAMH!$D$2:$D$766="Its T time")*(DREAMH!$B$2:$B$766="F2. Truyền thông, sinh hoạt nhóm, vòng tròn chia sẻ, trị liệu nghệ thuật")*(DREAMH!$AA$2:$AA$766="Truyền thông")*(DREAMH!$C$2:$C$766=2)*(INDEX(DREAMH!$K$2:$K$766,MATCH(DREAMH!$A$2:$A$766,DREAMH!$A$2:$A$766,0))="Nam quan hệ tình dục đồng giới (MSM)"))} -> 0 | K11: x | L11: x | M11: x | N11: x
B12: 3 | C12: Tổng số lượt KH tham gia truyền thông | E12: {=SUMPRODUCT((DREAMH!$D$2:$D$766="Its T time")*(DREAMH!$B$2:$B$766="F2. Truyền thông, sinh hoạt nhóm, vòng tròn chia sẻ, trị liệu nghệ thuật")*(DREAMH!$AA$2:$AA$766="Truyền thông"))} -> 9 | F12: {=SUMPRODUCT((DREAMH!$D$2:$D$766="Its T time")*(DREAMH!$B$2:$B$766="F2. Truyền thông, sinh hoạt nhóm, vòng tròn chia sẻ, trị liệu nghệ thuật")*(DREAMH!$AA$2:$AA$766="Truyền thông")*(INDEX(DREAMH!$K$2:$K$766,MATCH(DREAMH!$A$2:$A$766,DREAMH!$A$2:$A$766,0))="Người sử dụng ma túy (PUD)"))} -> 0 | G12: {=SUMPRODUCT((DREAMH!$D$2:$D$766="Its T time")*(DREAMH!$B$2:$B$766="F2. Truyền thông, sinh hoạt nhóm, vòng tròn chia sẻ, trị liệu nghệ thuật")*(DREAMH!$AA$2:$AA$766="Truyền thông")*(INDEX(DREAMH!$K$2:$K$766,MATCH(DREAMH!$A$2:$A$766,DREAMH!$A$2:$A$766,0))="Người sống chung với HIV (PLHIV)"))} -> 0 | H12: {=SUMPRODUCT((DREAMH!$D$2:$D$766="Its T time")*(DREAMH!$B$2:$B$766="F2. Truyền thông, sinh hoạt nhóm, vòng tròn chia sẻ, trị liệu nghệ thuật")*(DREAMH!$AA$2:$AA$766="Truyền thông")*(INDEX(DREAMH!$K$2:$K$766,MATCH(DREAMH!$A$2:$A$766,DREAMH!$A$2:$A$766,0))="Người chuyển giới (TG)"))} -> 9 | I12: {=SUMPRODUCT((DREAMH!$D$2:$D$766="Its T time")*(DREAMH!$B$2:$B$766="F2. Truyền thông, sinh hoạt nhóm, vòng tròn chia sẻ, trị liệu nghệ thuật")*(DREAMH!$AA$2:$AA$766="Truyền thông")*(INDEX(DREAMH!$K$2:$K$766,MATCH(DREAMH!$A$2:$A$766,DREAMH!$A$2:$A$766,0))="Người bán dâm (SW)"))} -> 0 | J12: {=SUMPRODUCT((DREAMH!$D$2:$D$766="Its T time")*(DREAMH!$B$2:$B$766="F2. Truyền thông, sinh hoạt nhóm, vòng tròn chia sẻ, trị liệu nghệ thuật")*(DREAMH!$AA$2:$AA$766="Truyền thông")*(INDEX(DREAMH!$K$2:$K$766,MATCH(DREAMH!$A$2:$A$766,DREAMH!$A$2:$A$766,0))="Nam quan hệ tình dục đồng giới (MSM)"))} -> 0 | K12: x | L12: x | M12: x | N12: x
B13: III | C13: SÀNG LỌC BẢNG HỎI QST VÀ CHUYỂN GỬI KHÁM, ĐIỀU TRỊ SKTT | O13: Dữ liệu từ bảng hỏi QST
B14: 1 | C14: Số KH được sàng lọc bảng hỏi QST lần 1 | E14: {=SUMPRODUCT((DREAMH!$D$2:$D$766="Its T time")*(DREAMH!$B$2:$B$766="F3. Bảng hỏi sàng lọc sức khoẻ tâm thần (QST)")*(DREAMH!$C$2:$C$766=1))} -> 9 | F14: {=SUMPRODUCT((DREAMH!$D$2:$D$766="Its T time")*(DREAMH!$B$2:$B$766="F3. Bảng hỏi sàng lọc sức khoẻ tâm thần (QST)")*(DREAMH!$C$2:$C$766=1)*(INDEX(DREAMH!$K$2:$K$766,MATCH(DREAMH!$A$2:$A$766,DREAMH!$A$2:$A$766,0))="Người sử dụng ma túy (PUD)"))} -> 0 | G14: {=SUMPRODUCT((DREAMH!$D$2:$D$766="Its T time")*(DREAMH!$B$2:$B$766="F3. Bảng hỏi sàng lọc sức khoẻ tâm thần (QST)")*(DREAMH!$C$2:$C$766=1)*(INDEX(DREAMH!$K$2:$K$766,MATCH(DREAMH!$A$2:$A$766,DREAMH!$A$2:$A$766,0))="Người sống chung với HIV (PLHIV)"))} -> 0 | H14: {=SUMPRODUCT((DREAMH!$D$2:$D$766="Its T time")*(DREAMH!$B$2:$B$766="F3. Bảng hỏi sàng lọc sức khoẻ tâm thần (QST)")*(DREAMH!$C$2:$C$766=1)*(INDEX(DREAMH!$K$2:$K$766,MATCH(DREAMH!$A$2:$A$766,DREAMH!$A$2:$A$766,0))="Người chuyển giới (TG)"))} -> 9 | I14: {=SUMPRODUCT((DREAMH!$D$2:$D$766="Its T time")*(DREAMH!$B$2:$B$766="F3. Bảng hỏi sàng lọc sức khoẻ tâm thần (QST)")*(DREAMH!$C$2:$C$766=1)*(INDEX(DREAMH!$K$2:$K$766,MATCH(DREAMH!$A$2:$A$766,DREAMH!$A$2:$A$766,0))="Người bán dâm (SW)"))} -> 0 | J14: {=SUMPRODUCT((DREAMH!$D$2:$D$766="Its T time")*(DREAMH!$B$2:$B$766="F3. Bảng hỏi sàng lọc sức khoẻ tâm thần (QST)")*(DREAMH!$C$2:$C$766=1)*(INDEX(DREAMH!$K$2:$K$766,MATCH(DREAMH!$A$2:$A$766,DREAMH!$A$2:$A$766,0))="Nam quan hệ tình dục đồng giới (MSM)"))} -> 0 | K14: x | L14: x | M14: x | N14: x
C15: Kết quả sàng lọc QST lần đầu | D15: Mức 1 (>=8) | E15: {=SUMPRODUCT((DREAMH!$D$2:$D$766="Its T time")*(DREAMH!$B$2:$B$766="F3. Bảng hỏi sàng lọc sức khoẻ tâm thần (QST)")*(DREAMH!$C$2:$C$766=1)*(DREAMH!$BC$2:$BC$766>=8))} -> 9 | F15: {=SUMPRODUCT((DREAMH!$D$2:$D$766="Its T time")*(DREAMH!$B$2:$B$766="F3. Bảng hỏi sàng lọc sức khoẻ tâm thần (QST)")*(DREAMH!$C$2:$C$766=1)*(DREAMH!$BC$2:$BC$766>=8)*(INDEX(DREAMH!$K$2:$K$766,MATCH(DREAMH!$A$2:$A$766,DREAMH!$A$2:$A$766,0))="Người sử dụng ma túy (PUD)"))} -> 0 | G15: {=SUMPRODUCT((DREAMH!$D$2:$D$766="Its T time")*(DREAMH!$B$2:$B$766="F3. Bảng hỏi sàng lọc sức khoẻ tâm thần (QST)")*(DREAMH!$C$2:$C$766=1)*(DREAMH!$BC$2:$BC$766>=8)*(INDEX(DREAMH!$K$2:$K$766,MATCH(DREAMH!$A$2:$A$766,DREAMH!$A$2:$A$766,0))="Người sống chung với HIV (PLHIV)"))} -> 0 | H15: {=SUMPRODUCT((DREAMH!$D$2:$D$766="Its T time")*(DREAMH!$B$2:$B$766="F3. Bảng hỏi sàng lọc sức khoẻ tâm thần (QST)")*(DREAMH!$C$2:$C$766=1)*(DREAMH!$BC$2:$BC$766>=8)*(INDEX(DREAMH!$K$2:$K$766,MATCH(DREAMH!$A$2:$A$766,DREAMH!$A$2:$A$766,0))="Người chuyển giới (TG)"))} -> 9 | I15: {=SUMPRODUCT((DREAMH!$D$2:$D$766="Its T time")*(DREAMH!$B$2:$B$766="F3. Bảng hỏi sàng lọc sức khoẻ tâm thần (QST)")*(DREAMH!$C$2:$C$766=1)*(DREAMH!$BC$2:$BC$766>=8)*(INDEX(DREAMH!$K$2:$K$766,MATCH(DREAMH!$A$2:$A$766,DREAMH!$A$2:$A$766,0))="Người bán dâm (SW)"))} -> 0 | J15: {=SUMPRODUCT((DREAMH!$D$2:$D$766="Its T time")*(DREAMH!$B$2:$B$766="F3. Bảng hỏi sàng lọc sức khoẻ tâm thần (QST)")*(DREAMH!$C$2:$C$766=1)*(DREAMH!$BC$2:$BC$766>=8)*(INDEX(DREAMH!$K$2:$K$766,MATCH(DREAMH!$A$2:$A$766,DREAMH!$A$2:$A$766,0))="Nam quan hệ tình dục đồng giới (MSM)"))} -> 0 | K15: x | L15: x | M15: x | N15: x
D16: Mức 2 (6 - 7) | E16: {=SUMPRODUCT((DREAMH!$D$2:$D$766="Its T time")*(DREAMH!$B$2:$B$766="F3. Bảng hỏi sàng lọc sức khoẻ tâm thần (QST)")*(DREAMH!$C$2:$C$766=1)*(DREAMH!$BC$2:$BC$766>=6)*(DREAMH!$BC$2:$BC$766<=7))} -> 0 | F16: {=SUMPRODUCT((DREAMH!$D$2:$D$766="Its T time")*(DREAMH!$B$2:$B$766="F3. Bảng hỏi sàng lọc sức khoẻ tâm thần (QST)")*(DREAMH!$C$2:$C$766=1)*(DREAMH!$BC$2:$BC$766>=6)*(DREAMH!$BC$2:$BC$766<=7)*(INDEX(DREAMH!$K$2:$K$766,MATCH(DREAMH!$A$2:$A$766,DREAMH!$A$2:$A$766,0))="Người sử dụng ma túy (PUD)"))} -> 0 | G16: {=SUMPRODUCT((DREAMH!$D$2:$D$766="Its T time")*(DREAMH!$B$2:$B$766="F3. Bảng hỏi sàng lọc sức khoẻ tâm thần (QST)")*(DREAMH!$C$2:$C$766=1)*(DREAMH!$BC$2:$BC$766>=6)*(DREAMH!$BC$2:$BC$766<=7)*(INDEX(DREAMH!$K$2:$K$766,MATCH(DREAMH!$A$2:$A$766,DREAMH!$A$2:$A$766,0))="Người sống chung với HIV (PLHIV)"))} -> 0 | H16: {=SUMPRODUCT((DREAMH!$D$2:$D$766="Its T time")*(DREAMH!$B$2:$B$766="F3. Bảng hỏi sàng lọc sức khoẻ tâm thần (QST)")*(DREAMH!$C$2:$C$766=1)*(DREAMH!$BC$2:$BC$766>=6)*(DREAMH!$BC$2:$BC$766<=7)*(INDEX(DREAMH!$K$2:$K$766,MATCH(DREAMH!$A$2:$A$766,DREAMH!$A$2:$A$766,0))="Người chuyển giới (TG)"))} -> 0 | I16: {=SUMPRODUCT((DREAMH!$D$2:$D$766="Its T time")*(DREAMH!$B$2:$B$766="F3. Bảng hỏi sàng lọc sức khoẻ tâm thần (QST)")*(DREAMH!$C$2:$C$766=1)*(DREAMH!$BC$2:$BC$766>=6)*(DREAMH!$BC$2:$BC$766<=7)*(INDEX(DREAMH!$K$2:$K$766,MATCH(DREAMH!$A$2:$A$766,DREAMH!$A$2:$A$766,0))="Người bán dâm (SW)"))} -> 0 | J16: {=SUMPRODUCT((DREAMH!$D$2:$D$766="Its T time")*(DREAMH!$B$2:$B$766="F3. Bảng hỏi sàng lọc sức khoẻ tâm thần (QST)")*(DREAMH!$C$2:$C$766=1)*(DREAMH!$BC$2:$BC$766>=6)*(DREAMH!$BC$2:$BC$766<=7)*(INDEX(DREAMH!$K$2:$K$766,MATCH(DREAMH!$A$2:$A$766,DREAMH!$A$2:$A$766,0))="Nam quan hệ tình dục đồng giới (MSM)"))} -> 0 | K16: x | L16: x | M16: x | N16: x
D17: Mức 3 (4 - 5) | E17: {=SUMPRODUCT((DREAMH!$D$2:$D$766="Its T time")*(DREAMH!$B$2:$B$766="F3. Bảng hỏi sàng lọc sức khoẻ tâm thần (QST)")*(DREAMH!$C$2:$C$766=1)*(DREAMH!$BC$2:$BC$766>=4)*(DREAMH!$BC$2:$BC$766<=5))} -> 0 | F17: {=SUMPRODUCT((DREAMH!$D$2:$D$766="Its T time")*(DREAMH!$B$2:$B$766="F3. Bảng hỏi sàng lọc sức khoẻ tâm thần (QST)")*(DREAMH!$C$2:$C$766=1)*(DREAMH!$BC$2:$BC$766>=4)*(DREAMH!$BC$2:$BC$766<=5)*(INDEX(DREAMH!$K$2:$K$766,MATCH(DREAMH!$A$2:$A$766,DREAMH!$A$2:$A$766,0))="Người sử dụng ma túy (PUD)"))} -> 0 | G17: {=SUMPRODUCT((DREAMH!$D$2:$D$766="Its T time")*(DREAMH!$B$2:$B$766="F3. Bảng hỏi sàng lọc sức khoẻ tâm thần (QST)")*(DREAMH!$C$2:$C$766=1)*(DREAMH!$BC$2:$BC$766>=4)*(DREAMH!$BC$2:$BC$766<=5)*(INDEX(DREAMH!$K$2:$K$766,MATCH(DREAMH!$A$2:$A$766,DREAMH!$A$2:$A$766,0))="Người sống chung với HIV (PLHIV)"))} -> 0 | H17: {=SUMPRODUCT((DREAMH!$D$2:$D$766="Its T time")*(DREAMH!$B$2:$B$766="F3. Bảng hỏi sàng lọc sức khoẻ tâm thần (QST)")*(DREAMH!$C$2:$C$766=1)*(DREAMH!$BC$2:$BC$766>=4)*(DREAMH!$BC$2:$BC$766<=5)*(INDEX(DREAMH!$K$2:$K$766,MATCH(DREAMH!$A$2:$A$766,DREAMH!$A$2:$A$766,0))="Người chuyển giới (TG)"))} -> 0 | I17: {=SUMPRODUCT((DREAMH!$D$2:$D$766="Its T time")*(DREAMH!$B$2:$B$766="F3. Bảng hỏi sàng lọc sức khoẻ tâm thần (QST)")*(DREAMH!$C$2:$C$766=1)*(DREAMH!$BC$2:$BC$766>=4)*(DREAMH!$BC$2:$BC$766<=5)*(INDEX(DREAMH!$K$2:$K$766,MATCH(DREAMH!$A$2:$A$766,DREAMH!$A$2:$A$766,0))="Người bán dâm (SW)"))} -> 0 | J17: {=SUMPRODUCT((DREAMH!$D$2:$D$766="Its T time")*(DREAMH!$B$2:$B$766="F3. Bảng hỏi sàng lọc sức khoẻ tâm thần (QST)")*(DREAMH!$C$2:$C$766=1)*(DREAMH!$BC$2:$BC$766>=4)*(DREAMH!$BC$2:$BC$766<=5)*(INDEX(DREAMH!$K$2:$K$766,MATCH(DREAMH!$A$2:$A$766,DREAMH!$A$2:$A$766,0))="Nam quan hệ tình dục đồng giới (MSM)"))} -> 0 | K17: x | L17: x | M17: x | N17: x
D18: Mức 4 (<4) | E18: {=SUMPRODUCT((DREAMH!$D$2:$D$766="Its T time")*(DREAMH!$B$2:$B$766="F3. Bảng hỏi sàng lọc sức khoẻ tâm thần (QST)")*(DREAMH!$C$2:$C$766=1)*(DREAMH!$BC$2:$BC$766<4))} -> 0 | F18: {=SUMPRODUCT((DREAMH!$D$2:$D$766="Its T time")*(DREAMH!$B$2:$B$766="F3. Bảng hỏi sàng lọc sức khoẻ tâm thần (QST)")*(DREAMH!$C$2:$C$766=1)*(DREAMH!$BC$2:$BC$766<4)*(INDEX(DREAMH!$K$2:$K$766,MATCH(DREAMH!$A$2:$A$766,DREAMH!$A$2:$A$766,0))="Người sử dụng ma túy (PUD)"))} -> 0 | G18: {=SUMPRODUCT((DREAMH!$D$2:$D$766="Its T time")*(DREAMH!$B$2:$B$766="F3. Bảng hỏi sàng lọc sức khoẻ tâm thần (QST)")*(DREAMH!$C$2:$C$766=1)*(DREAMH!$BC$2:$BC$766<4)*(INDEX(DREAMH!$K$2:$K$766,MATCH(DREAMH!$A$2:$A$766,DREAMH!$A$2:$A$766,0))="Người sống chung với HIV (PLHIV)"))} -> 0 | H18: {=SUMPRODUCT((DREAMH!$D$2:$D$766="Its T time")*(DREAMH!$B$2:$B$766="F3. Bảng hỏi sàng lọc sức khoẻ tâm thần (QST)")*(DREAMH!$C$2:$C$766=1)*(DREAMH!$BC$2:$BC$766<4)*(INDEX(DREAMH!$K$2:$K$766,MATCH(DREAMH!$A$2:$A$766,DREAMH!$A$2:$A$766,0))="Người chuyển giới (TG)"))} -> 0 | I18: {=SUMPRODUCT((DREAMH!$D$2:$D$766="Its T time")*(DREAMH!$B$2:$B$766="F3. Bảng hỏi sàng lọc sức khoẻ tâm thần (QST)")*(DREAMH!$C$2:$C$766=1)*(DREAMH!$BC$2:$BC$766<4)*(INDEX(DREAMH!$K$2:$K$766,MATCH(DREAMH!$A$2:$A$766,DREAMH!$A$2:$A$766,0))="Người bán dâm (SW)"))} -> 0 | J18: {=SUMPRODUCT((DREAMH!$D$2:$D$766="Its T time")*(DREAMH!$B$2:$B$766="F3. Bảng hỏi sàng lọc sức khoẻ tâm thần (QST)")*(DREAMH!$C$2:$C$766=1)*(DREAMH!$BC$2:$BC$766<4)*(INDEX(DREAMH!$K$2:$K$766,MATCH(DREAMH!$A$2:$A$766,DREAMH!$A$2:$A$766,0))="Nam quan hệ tình dục đồng giới (MSM)"))} -> 0 | K18: x | L18: x | M18: x | N18: x
B19: 2 | C19: Số KH được sàng lọc lại bảng hỏi QST (từ lần 2 trở đi) | E19: {=SUMPRODUCT((DREAMH!$D$2:$D$766="Its T time")*(DREAMH!$B$2:$B$766="F3. Bảng hỏi sàng lọc sức khoẻ tâm thần (QST)")*(DREAMH!$C$2:$C$766>=2))} -> 0 | F19: {=SUMPRODUCT((DREAMH!$D$2:$D$766="Its T time")*(DREAMH!$B$2:$B$766="F3. Bảng hỏi sàng lọc sức khoẻ tâm thần (QST)")*(DREAMH!$C$2:$C$766>=2)*(INDEX(DREAMH!$K$2:$K$766,MATCH(DREAMH!$A$2:$A$766,DREAMH!$A$2:$A$766,0))="Người sử dụng ma túy (PUD)"))} -> 0 | G19: {=SUMPRODUCT((DREAMH!$D$2:$D$766="Its T time")*(DREAMH!$B$2:$B$766="F3. Bảng hỏi sàng lọc sức khoẻ tâm thần (QST)")*(DREAMH!$C$2:$C$766>=2)*(INDEX(DREAMH!$K$2:$K$766,MATCH(DREAMH!$A$2:$A$766,DREAMH!$A$2:$A$766,0))="Người sống chung với HIV (PLHIV)"))} -> 0 | H19: {=SUMPRODUCT((DREAMH!$D$2:$D$766="Its T time")*(DREAMH!$B$2:$B$766="F3. Bảng hỏi sàng lọc sức khoẻ tâm thần (QST)")*(DREAMH!$C$2:$C$766>=2)*(INDEX(DREAMH!$K$2:$K$766,MATCH(DREAMH!$A$2:$A$766,DREAMH!$A$2:$A$766,0))="Người chuyển giới (TG)"))} -> 0 | I19: {=SUMPRODUCT((DREAMH!$D$2:$D$766="Its T time")*(DREAMH!$B$2:$B$766="F3. Bảng hỏi sàng lọc sức khoẻ tâm thần (QST)")*(DREAMH!$C$2:$C$766>=2)*(INDEX(DREAMH!$K$2:$K$766,MATCH(DREAMH!$A$2:$A$766,DREAMH!$A$2:$A$766,0))="Người bán dâm (SW)"))} -> 0 | J19: {=SUMPRODUCT((DREAMH!$D$2:$D$766="Its T time")*(DREAMH!$B$2:$B$766="F3. Bảng hỏi sàng lọc sức khoẻ tâm thần (QST)")*(DREAMH!$C$2:$C$766>=2)*(INDEX(DREAMH!$K$2:$K$766,MATCH(DREAMH!$A$2:$A$766,DREAMH!$A$2:$A$766,0))="Nam quan hệ tình dục đồng giới (MSM)"))} -> 0 | K19: x | L19: x | M19: x | N19: x | O19: Dữ liệu từ bảng hỏi lại QST
C20: Kết quả sàng lọc lại QST | D20: Mức 1 (>=8) | E20: {=SUMPRODUCT((DREAMH!$D$2:$D$766="Its T time")*(DREAMH!$B$2:$B$766="F3. Bảng hỏi sàng lọc sức khoẻ tâm thần (QST)")*(DREAMH!$C$2:$C$766>=2)*(DREAMH!$BC$2:$BC$766>=8))} -> 0 | F20: {=SUMPRODUCT((DREAMH!$D$2:$D$766="Its T time")*(DREAMH!$B$2:$B$766="F3. Bảng hỏi sàng lọc sức khoẻ tâm thần (QST)")*(DREAMH!$C$2:$C$766>=2)*(DREAMH!$BC$2:$BC$766>=8)*(INDEX(DREAMH!$K$2:$K$766,MATCH(DREAMH!$A$2:$A$766,DREAMH!$A$2:$A$766,0))="Người sử dụng ma túy (PUD)"))} -> 0 | G20: {=SUMPRODUCT((DREAMH!$D$2:$D$766="Its T time")*(DREAMH!$B$2:$B$766="F3. Bảng hỏi sàng lọc sức khoẻ tâm thần (QST)")*(DREAMH!$C$2:$C$766>=2)*(DREAMH!$BC$2:$BC$766>=8)*(INDEX(DREAMH!$K$2:$K$766,MATCH(DREAMH!$A$2:$A$766,DREAMH!$A$2:$A$766,0))="Người sống chung với HIV (PLHIV)"))} -> 0 | H20: {=SUMPRODUCT((DREAMH!$D$2:$D$766="Its T time")*(DREAMH!$B$2:$B$766="F3. Bảng hỏi sàng lọc sức khoẻ tâm thần (QST)")*(DREAMH!$C$2:$C$766>=2)*(DREAMH!$BC$2:$BC$766>=8)*(INDEX(DREAMH!$K$2:$K$766,MATCH(DREAMH!$A$2:$A$766,DREAMH!$A$2:$A$766,0))="Người chuyển giới (TG)"))} -> 0 | I20: {=SUMPRODUCT((DREAMH!$D$2:$D$766="Its T time")*(DREAMH!$B$2:$B$766="F3. Bảng hỏi sàng lọc sức khoẻ tâm thần (QST)")*(DREAMH!$C$2:$C$766>=2)*(DREAMH!$BC$2:$BC$766>=8)*(INDEX(DREAMH!$K$2:$K$766,MATCH(DREAMH!$A$2:$A$766,DREAMH!$A$2:$A$766,0))="Người bán dâm (SW)"))} -> 0 | J20: {=SUMPRODUCT((DREAMH!$D$2:$D$766="Its T time")*(DREAMH!$B$2:$B$766="F3. Bảng hỏi sàng lọc sức khoẻ tâm thần (QST)")*(DREAMH!$C$2:$C$766>=2)*(DREAMH!$BC$2:$BC$766>=8)*(INDEX(DREAMH!$K$2:$K$766,MATCH(DREAMH!$A$2:$A$766,DREAMH!$A$2:$A$766,0))="Nam quan hệ tình dục đồng giới (MSM)"))} -> 0 | K20: x | L20: x | M20: x | N20: x
D21: Mức 2 (6 - 7) | E21: {=SUMPRODUCT((DREAMH!$D$2:$D$766="Its T time")*(DREAMH!$B$2:$B$766="F3. Bảng hỏi sàng lọc sức khoẻ tâm thần (QST)")*(DREAMH!$C$2:$C$766>=2)*(DREAMH!$BC$2:$BC$766>=6)*(DREAMH!$BC$2:$BC$766<=7))} -> 0 | F21: {=SUMPRODUCT((DREAMH!$D$2:$D$766="Its T time")*(DREAMH!$B$2:$B$766="F3. Bảng hỏi sàng lọc sức khoẻ tâm thần (QST)")*(DREAMH!$C$2:$C$766>=2)*(DREAMH!$BC$2:$BC$766>=6)*(DREAMH!$BC$2:$BC$766<=7)*(INDEX(DREAMH!$K$2:$K$766,MATCH(DREAMH!$A$2:$A$766,DREAMH!$A$2:$A$766,0))="Người sử dụng ma túy (PUD)"))} -> 0 | G21: {=SUMPRODUCT((DREAMH!$D$2:$D$766="Its T time")*(DREAMH!$B$2:$B$766="F3. Bảng hỏi sàng lọc sức khoẻ tâm thần (QST)")*(DREAMH!$C$2:$C$766>=2)*(DREAMH!$BC$2:$BC$766>=6)*(DREAMH!$BC$2:$BC$766<=7)*(INDEX(DREAMH!$K$2:$K$766,MATCH(DREAMH!$A$2:$A$766,DREAMH!$A$2:$A$766,0))="Người sống chung với HIV (PLHIV)"))} -> 0 | H21: {=SUMPRODUCT((DREAMH!$D$2:$D$766="Its T time")*(DREAMH!$B$2:$B$766="F3. Bảng hỏi sàng lọc sức khoẻ tâm thần (QST)")*(DREAMH!$C$2:$C$766>=2)*(DREAMH!$BC$2:$BC$766>=6)*(DREAMH!$BC$2:$BC$766<=7)*(INDEX(DREAMH!$K$2:$K$766,MATCH(DREAMH!$A$2:$A$766,DREAMH!$A$2:$A$766,0))="Người chuyển giới (TG)"))} -> 0 | I21: {=SUMPRODUCT((DREAMH!$D$2:$D$766="Its T time")*(DREAMH!$B$2:$B$766="F3. Bảng hỏi sàng lọc sức khoẻ tâm thần (QST)")*(DREAMH!$C$2:$C$766>=2)*(DREAMH!$BC$2:$BC$766>=6)*(DREAMH!$BC$2:$BC$766<=7)*(INDEX(DREAMH!$K$2:$K$766,MATCH(DREAMH!$A$2:$A$766,DREAMH!$A$2:$A$766,0))="Người bán dâm (SW)"))} -> 0 | J21: {=SUMPRODUCT((DREAMH!$D$2:$D$766="Its T time")*(DREAMH!$B$2:$B$766="F3. Bảng hỏi sàng lọc sức khoẻ tâm thần (QST)")*(DREAMH!$C$2:$C$766>=2)*(DREAMH!$BC$2:$BC$766>=6)*(DREAMH!$BC$2:$BC$766<=7)*(INDEX(DREAMH!$K$2:$K$766,MATCH(DREAMH!$A$2:$A$766,DREAMH!$A$2:$A$766,0))="Nam quan hệ tình dục đồng giới (MSM)"))} -> 0 | K21: x | L21: x | M21: x | N21: x
D22: Mức 3 (4 - 5) | E22: {=SUMPRODUCT((DREAMH!$D$2:$D$766="Its T time")*(DREAMH!$B$2:$B$766="F3. Bảng hỏi sàng lọc sức khoẻ tâm thần (QST)")*(DREAMH!$C$2:$C$766>=2)*(DREAMH!$BC$2:$BC$766>=4)*(DREAMH!$BC$2:$BC$766<=5))} -> 0 | F22: {=SUMPRODUCT((DREAMH!$D$2:$D$766="Its T time")*(DREAMH!$B$2:$B$766="F3. Bảng hỏi sàng lọc sức khoẻ tâm thần (QST)")*(DREAMH!$C$2:$C$766>=2)*(DREAMH!$BC$2:$BC$766>=4)*(DREAMH!$BC$2:$BC$766<=5)*(INDEX(DREAMH!$K$2:$K$766,MATCH(DREAMH!$A$2:$A$766,DREAMH!$A$2:$A$766,0))="Người sử dụng ma túy (PUD)"))} -> 0 | G22: {=SUMPRODUCT((DREAMH!$D$2:$D$766="Its T time")*(DREAMH!$B$2:$B$766="F3. Bảng hỏi sàng lọc sức khoẻ tâm thần (QST)")*(DREAMH!$C$2:$C$766>=2)*(DREAMH!$BC$2:$BC$766>=4)*(DREAMH!$BC$2:$BC$766<=5)*(INDEX(DREAMH!$K$2:$K$766,MATCH(DREAMH!$A$2:$A$766,DREAMH!$A$2:$A$766,0))="Người sống chung với HIV (PLHIV)"))} -> 0 | H22: {=SUMPRODUCT((DREAMH!$D$2:$D$766="Its T time")*(DREAMH!$B$2:$B$766="F3. Bảng hỏi sàng lọc sức khoẻ tâm thần (QST)")*(DREAMH!$C$2:$C$766>=2)*(DREAMH!$BC$2:$BC$766>=4)*(DREAMH!$BC$2:$BC$766<=5)*(INDEX(DREAMH!$K$2:$K$766,MATCH(DREAMH!$A$2:$A$766,DREAMH!$A$2:$A$766,0))="Người chuyển giới (TG)"))} -> 0 | I22: {=SUMPRODUCT((DREAMH!$D$2:$D$766="Its T time")*(DREAMH!$B$2:$B$766="F3. Bảng hỏi sàng lọc sức khoẻ tâm thần (QST)")*(DREAMH!$C$2:$C$766>=2)*(DREAMH!$BC$2:$BC$766>=4)*(DREAMH!$BC$2:$BC$766<=5)*(INDEX(DREAMH!$K$2:$K$766,MATCH(DREAMH!$A$2:$A$766,DREAMH!$A$2:$A$766,0))="Người bán dâm (SW)"))} -> 0 | J22: {=SUMPRODUCT((DREAMH!$D$2:$D$766="Its T time")*(DREAMH!$B$2:$B$766="F3. Bảng hỏi sàng lọc sức khoẻ tâm thần (QST)")*(DREAMH!$C$2:$C$766>=2)*(DREAMH!$BC$2:$BC$766>=4)*(DREAMH!$BC$2:$BC$766<=5)*(INDEX(DREAMH!$K$2:$K$766,MATCH(DREAMH!$A$2:$A$766,DREAMH!$A$2:$A$766,0))="Nam quan hệ tình dục đồng giới (MSM)"))} -> 0 | K22: x | L22: x | M22: x | N22: x
D23: Mức 4 (<4) | E23: {=SUMPRODUCT((DREAMH!$D$2:$D$766="Its T time")*(DREAMH!$B$2:$B$766="F3. Bảng hỏi sàng lọc sức khoẻ tâm thần (QST)")*(DREAMH!$C$2:$C$766>=2)*(DREAMH!$BC$2:$BC$766<4))} -> 0 | F23: {=SUMPRODUCT((DREAMH!$D$2:$D$766="Its T time")*(DREAMH!$B$2:$B$766="F3. Bảng hỏi sàng lọc sức khoẻ tâm thần (QST)")*(DREAMH!$C$2:$C$766>=2)*(DREAMH!$BC$2:$BC$766<4)*(INDEX(DREAMH!$K$2:$K$766,MATCH(DREAMH!$A$2:$A$766,DREAMH!$A$2:$A$766,0))="Người sử dụng ma túy (PUD)"))} -> 0 | G23: {=SUMPRODUCT((DREAMH!$D$2:$D$766="Its T time")*(DREAMH!$B$2:$B$766="F3. Bảng hỏi sàng lọc sức khoẻ tâm thần (QST)")*(DREAMH!$C$2:$C$766>=2)*(DREAMH!$BC$2:$BC$766<4)*(INDEX(DREAMH!$K$2:$K$766,MATCH(DREAMH!$A$2:$A$766,DREAMH!$A$2:$A$766,0))="Người sống chung với HIV (PLHIV)"))} -> 0 | H23: {=SUMPRODUCT((DREAMH!$D$2:$D$766="Its T time")*(DREAMH!$B$2:$B$766="F3. Bảng hỏi sàng lọc sức khoẻ tâm thần (QST)")*(DREAMH!$C$2:$C$766>=2)*(DREAMH!$BC$2:$BC$766<4)*(INDEX(DREAMH!$K$2:$K$766,MATCH(DREAMH!$A$2:$A$766,DREAMH!$A$2:$A$766,0))="Người chuyển giới (TG)"))} -> 0 | I23: {=SUMPRODUCT((DREAMH!$D$2:$D$766="Its T time")*(DREAMH!$B$2:$B$766="F3. Bảng hỏi sàng lọc sức khoẻ tâm thần (QST)")*(DREAMH!$C$2:$C$766>=2)*(DREAMH!$BC$2:$BC$766<4)*(INDEX(DREAMH!$K$2:$K$766,MATCH(DREAMH!$A$2:$A$766,DREAMH!$A$2:$A$766,0))="Người bán dâm (SW)"))} -> 0 | J23: {=SUMPRODUCT((DREAMH!$D$2:$D$766="Its T time")*(DREAMH!$B$2:$B$766="F3. Bảng hỏi sàng lọc sức khoẻ tâm thần (QST)")*(DREAMH!$C$2:$C$766>=2)*(DREAMH!$BC$2:$BC$766<4)*(INDEX(DREAMH!$K$2:$K$766,MATCH(DREAMH!$A$2:$A$766,DREAMH!$A$2:$A$766,0))="Nam quan hệ tình dục đồng giới (MSM)"))} -> 0 | K23: x | L23: x | M23: x | N23: x
B24: 3 | C24: Số lượt KH được chuyển gửi khám SKTT | E24: {=SUMPRODUCT((DREAMH!$D$2:$D$766="Its T time")*(DREAMH!$B$2:$B$766="F6. Thông tin chẩn đoán và điều trị"))} -> 2 | F24: {=SUMPRODUCT((DREAMH!$D$2:$D$766="Its T time")*(DREAMH!$B$2:$B$766="F6. Thông tin chẩn đoán và điều trị")*(INDEX(DREAMH!$K$2:$K$766,MATCH(DREAMH!$A$2:$A$766,DREAMH!$A$2:$A$766,0))="Người sử dụng ma túy (PUD)"))} -> 0 | G24: {=SUMPRODUCT((DREAMH!$D$2:$D$766="Its T time")*(DREAMH!$B$2:$B$766="F6. Thông tin chẩn đoán và điều trị")*(INDEX(DREAMH!$K$2:$K$766,MATCH(DREAMH!$A$2:$A$766,DREAMH!$A$2:$A$766,0))="Người sống chung với HIV (PLHIV)"))} -> 0 | H24: {=SUMPRODUCT((DREAMH!$D$2:$D$766="Its T time")*(DREAMH!$B$2:$B$766="F6. Thông tin chẩn đoán và điều trị")*(INDEX(DREAMH!$K$2:$K$766,MATCH(DREAMH!$A$2:$A$766,DREAMH!$A$2:$A$766,0))="Người chuyển giới (TG)"))} -> 2 | I24: {=SUMPRODUCT((DREAMH!$D$2:$D$766="Its T time")*(DREAMH!$B$2:$B$766="F6. Thông tin chẩn đoán và điều trị")*(INDEX(DREAMH!$K$2:$K$766,MATCH(DREAMH!$A$2:$A$766,DREAMH!$A$2:$A$766,0))="Người bán dâm (SW)"))} -> 0 | J24: {=SUMPRODUCT((DREAMH!$D$2:$D$766="Its T time")*(DREAMH!$B$2:$B$766="F6. Thông tin chẩn đoán và điều trị")*(INDEX(DREAMH!$K$2:$K$766,MATCH(DREAMH!$A$2:$A$766,DREAMH!$A$2:$A$766,0))="Nam quan hệ tình dục đồng giới (MSM)"))} -> 0 | K24: x | L24: x | M24: x | N24: x | P24: Tổng số lượt trong tháng (dễ nhìn check báo cáo và thánh quyết toán)
B25: 4 | C25: Số KH được chuyển gửi khám SKTT, trong đó: | E25: {=SUMPRODUCT((DREAMH!$D$2:$D$766="Its T time")*(DREAMH!$B$2:$B$766="F6. Thông tin chẩn đoán và điều trị") / (COUNTIFS(DREAMH!$A$2:$A$766, DREAMH!$A$2:$A$766, DREAMH!$B$2:$B$766, "F6. Thông tin chẩn đoán và điều trị") + (COUNTIFS(DREAMH!$A$2:$A$766, DREAMH!$A$2:$A$766, DREAMH!$B$2:$B$766, "F6. Thông tin chẩn đoán và điều trị")=0)))} -> 2 | F25: {=SUMPRODUCT((DREAMH!$D$2:$D$766="Its T time")*(DREAMH!$B$2:$B$766="F6. Thông tin chẩn đoán và điều trị")*(INDEX(DREAMH!$K$2:$K$766,MATCH(DREAMH!$A$2:$A$766,DREAMH!$A$2:$A$766,0))="Người sử dụng ma túy (PUD)"))} -> 0 | G25: {=SUMPRODUCT((DREAMH!$D$2:$D$766="Its T time")*(DREAMH!$B$2:$B$766="F6. Thông tin chẩn đoán và điều trị")*(INDEX(DREAMH!$K$2:$K$766,MATCH(DREAMH!$A$2:$A$766,DREAMH!$A$2:$A$766,0))="Người sống chung với HIV (PLHIV)"))} -> 0 | H25: {=SUMPRODUCT((DREAMH!$D$2:$D$766="Its T time")*(DREAMH!$B$2:$B$766="F6. Thông tin chẩn đoán và điều trị")*(INDEX(DREAMH!$K$2:$K$766,MATCH(DREAMH!$A$2:$A$766,DREAMH!$A$2:$A$766,0))="Người chuyển giới (TG)"))} -> 2 | I25: {=SUMPRODUCT((DREAMH!$D$2:$D$766="Its T time")*(DREAMH!$B$2:$B$766="F6. Thông tin chẩn đoán và điều trị")*(INDEX(DREAMH!$K$2:$K$766,MATCH(DREAMH!$A$2:$A$766,DREAMH!$A$2:$A$766,0))="Người bán dâm (SW)"))} -> 0 | J25: {=SUMPRODUCT((DREAMH!$D$2:$D$766="Its T time")*(DREAMH!$B$2:$B$766="F6. Thông tin chẩn đoán và điều trị")*(INDEX(DREAMH!$K$2:$K$766,MATCH(DREAMH!$A$2:$A$766,DREAMH!$A$2:$A$766,0))="Nam quan hệ tình dục đồng giới (MSM)"))} -> 0 | K25: x | L25: x | M25: x | N25: x | O25: Dữ liệu từ biểu mẫu khám và điều trị SKTT
C26: Số KH được chuyển gửi khám SKTT lần 1 | E26: {=SUMPRODUCT((DREAMH!$D$2:$D$766="Its T time")*(DREAMH!$B$2:$B$766="F6. Thông tin chẩn đoán và điều trị")*(DREAMH!$DA$2:$DA$766="Khám lần đầu"))} -> 2 | F26: {=SUMPRODUCT((DREAMH!$D$2:$D$766="Its T time")*(DREAMH!$B$2:$B$766="F6. Thông tin chẩn đoán và điều trị")*(DREAMH!$DA$2:$DA$766="Khám lần đầu")*(INDEX(DREAMH!$K$2:$K$766,MATCH(DREAMH!$A$2:$A$766,DREAMH!$A$2:$A$766,0))="Người sử dụng ma túy (PUD)"))} -> 0 | G26: {=SUMPRODUCT((DREAMH!$D$2:$D$766="Its T time")*(DREAMH!$B$2:$B$766="F6. Thông tin chẩn đoán và điều trị")*(DREAMH!$DA$2:$DA$766="Khám lần đầu")*(INDEX(DREAMH!$K$2:$K$766,MATCH(DREAMH!$A$2:$A$766,DREAMH!$A$2:$A$766,0))="Người sống chung với HIV (PLHIV)"))} -> 0 | H26: {=SUMPRODUCT((DREAMH!$D$2:$D$766="Its T time")*(DREAMH!$B$2:$B$766="F6. Thông tin chẩn đoán và điều trị")*(DREAMH!$DA$2:$DA$766="Khám lần đầu")*(INDEX(DREAMH!$K$2:$K$766,MATCH(DREAMH!$A$2:$A$766,DREAMH!$A$2:$A$766,0))="Người chuyển giới (TG)"))} -> 2 | I26: {=SUMPRODUCT((DREAMH!$D$2:$D$766="Its T time")*(DREAMH!$B$2:$B$766="F6. Thông tin chẩn đoán và điều trị")*(DREAMH!$DA$2:$DA$766="Khám lần đầu")*(INDEX(DREAMH!$K$2:$K$766,MATCH(DREAMH!$A$2:$A$766,DREAMH!$A$2:$A$766,0))="Người bán dâm (SW)"))} -> 0 | J26: {=SUMPRODUCT((DREAMH!$D$2:$D$766="Its T time")*(DREAMH!$B$2:$B$766="F6. Thông tin chẩn đoán và điều trị")*(DREAMH!$DA$2:$DA$766="Khám lần đầu")*(INDEX(DREAMH!$K$2:$K$766,MATCH(DREAMH!$A$2:$A$766,DREAMH!$A$2:$A$766,0))="Nam quan hệ tình dục đồng giới (MSM)"))} -> 0 | K26: x | L26: x | M26: x | N26: x
C27: Số KH được tái khám SKTT | E27: {=SUMPRODUCT((DREAMH!$D$2:$D$766="Its T time")*(DREAMH!$B$2:$B$766="F6. Thông tin chẩn đoán và điều trị")*(DREAMH!$DA$2:$DA$766="Tái khám"))} -> 0 | F27: {=SUMPRODUCT((DREAMH!$D$2:$D$766="Its T time")*(DREAMH!$B$2:$B$766="F6. Thông tin chẩn đoán và điều trị")*(DREAMH!$DA$2:$DA$766="Tái khám")*(INDEX(DREAMH!$K$2:$K$766,MATCH(DREAMH!$A$2:$A$766,DREAMH!$A$2:$A$766,0))="Người sử dụng ma túy (PUD)"))} -> 0 | G27: {=SUMPRODUCT((DREAMH!$D$2:$D$766="Its T time")*(DREAMH!$B$2:$B$766="F6. Thông tin chẩn đoán và điều trị")*(DREAMH!$DA$2:$DA$766="Tái khám")*(INDEX(DREAMH!$K$2:$K$766,MATCH(DREAMH!$A$2:$A$766,DREAMH!$A$2:$A$766,0))="Người sống chung với HIV (PLHIV)"))} -> 0 | H27: {=SUMPRODUCT((DREAMH!$D$2:$D$766="Its T time")*(DREAMH!$B$2:$B$766="F6. Thông tin chẩn đoán và điều trị")*(DREAMH!$DA$2:$DA$766="Tái khám")*(INDEX(DREAMH!$K$2:$K$766,MATCH(DREAMH!$A$2:$A$766,DREAMH!$A$2:$A$766,0))="Người chuyển giới (TG)"))} -> 0 | I27: {=SUMPRODUCT((DREAMH!$D$2:$D$766="Its T time")*(DREAMH!$B$2:$B$766="F6. Thông tin chẩn đoán và điều trị")*(DREAMH!$DA$2:$DA$766="Tái khám")*(INDEX(DREAMH!$K$2:$K$766,MATCH(DREAMH!$A$2:$A$766,DREAMH!$A$2:$A$766,0))="Người bán dâm (SW)"))} -> 0 | J27: {=SUMPRODUCT((DREAMH!$D$2:$D$766="Its T time")*(DREAMH!$B$2:$B$766="F6. Thông tin chẩn đoán và điều trị")*(DREAMH!$DA$2:$DA$766="Tái khám")*(INDEX(DREAMH!$K$2:$K$766,MATCH(DREAMH!$A$2:$A$766,DREAMH!$A$2:$A$766,0))="Nam quan hệ tình dục đồng giới (MSM)"))} -> 0 | K27: x | L27: x | M27: x | N27: x
C28: Số lượt KH được tái khám SKTT | E28: {=SUMPRODUCT((DREAMH!$D$2:$D$766="Its T time")*(DREAMH!$B$2:$B$766="F6. Thông tin chẩn đoán và điều trị")*(DREAMH!$DA$2:$DA$766="Tái khám"))} -> 0 | F28: {=SUMPRODUCT((DREAMH!$D$2:$D$766="Its T time")*(DREAMH!$B$2:$B$766="F6. Thông tin chẩn đoán và điều trị")*(DREAMH!$DA$2:$DA$766="Tái khám")*(INDEX(DREAMH!$K$2:$K$766,MATCH(DREAMH!$A$2:$A$766,DREAMH!$A$2:$A$766,0))="Người sử dụng ma túy (PUD)"))} -> 0 | G28: {=SUMPRODUCT((DREAMH!$D$2:$D$766="Its T time")*(DREAMH!$B$2:$B$766="F6. Thông tin chẩn đoán và điều trị")*(DREAMH!$DA$2:$DA$766="Tái khám")*(INDEX(DREAMH!$K$2:$K$766,MATCH(DREAMH!$A$2:$A$766,DREAMH!$A$2:$A$766,0))="Người sống chung với HIV (PLHIV)"))} -> 0 | H28: {=SUMPRODUCT((DREAMH!$D$2:$D$766="Its T time")*(DREAMH!$B$2:$B$766="F6. Thông tin chẩn đoán và điều trị")*(DREAMH!$DA$2:$DA$766="Tái khám")*(INDEX(DREAMH!$K$2:$K$766,MATCH(DREAMH!$A$2:$A$766,DREAMH!$A$2:$A$766,0))="Người chuyển giới (TG)"))} -> 0 | I28: {=SUMPRODUCT((DREAMH!$D$2:$D$766="Its T time")*(DREAMH!$B$2:$B$766="F6. Thông tin chẩn đoán và điều trị")*(DREAMH!$DA$2:$DA$766="Tái khám")*(INDEX(DREAMH!$K$2:$K$766,MATCH(DREAMH!$A$2:$A$766,DREAMH!$A$2:$A$766,0))="Người bán dâm (SW)"))} -> 0 | J28: {=SUMPRODUCT((DREAMH!$D$2:$D$766="Its T time")*(DREAMH!$B$2:$B$766="F6. Thông tin chẩn đoán và điều trị")*(DREAMH!$DA$2:$DA$766="Tái khám")*(INDEX(DREAMH!$K$2:$K$766,MATCH(DREAMH!$A$2:$A$766,DREAMH!$A$2:$A$766,0))="Nam quan hệ tình dục đồng giới (MSM)"))} -> 0 | K28: x | L28: x | M28: x | N28: x
B29: 5 | C29: Số KH được điều trị nội trú (nhập viện) | E29: {=SUMPRODUCT((DREAMH!$D$2:$D$766="Its T time")*(DREAMH!$B$2:$B$766="F6. Thông tin chẩn đoán và điều trị")*(DREAMH!$DL$2:$DL$766="Chọn"))} -> 0 | F29: {=SUMPRODUCT((DREAMH!$D$2:$D$766="Its T time")*(DREAMH!$B$2:$B$766="F6. Thông tin chẩn đoán và điều trị")*(DREAMH!$DL$2:$DL$766="Chọn")*(INDEX(DREAMH!$K$2:$K$766,MATCH(DREAMH!$A$2:$A$766,DREAMH!$A$2:$A$766,0))="Người sử dụng ma túy (PUD)"))} -> 0 | G29: {=SUMPRODUCT((DREAMH!$D$2:$D$766="Its T time")*(DREAMH!$B$2:$B$766="F6. Thông tin chẩn đoán và điều trị")*(DREAMH!$DL$2:$DL$766="Chọn")*(INDEX(DREAMH!$K$2:$K$766,MATCH(DREAMH!$A$2:$A$766,DREAMH!$A$2:$A$766,0))="Người sống chung với HIV (PLHIV)"))} -> 0 | H29: {=SUMPRODUCT((DREAMH!$D$2:$D$766="Its T time")*(DREAMH!$B$2:$B$766="F6. Thông tin chẩn đoán và điều trị")*(DREAMH!$DL$2:$DL$766="Chọn")*(INDEX(DREAMH!$K$2:$K$766,MATCH(DREAMH!$A$2:$A$766,DREAMH!$A$2:$A$766,0))="Người chuyển giới (TG)"))} -> 0 | I29: {=SUMPRODUCT((DREAMH!$D$2:$D$766="Its T time")*(DREAMH!$B$2:$B$766="F6. Thông tin chẩn đoán và điều trị")*(DREAMH!$DL$2:$DL$766="Chọn")*(INDEX(DREAMH!$K$2:$K$766,MATCH(DREAMH!$A$2:$A$766,DREAMH!$A$2:$A$766,0))="Người bán dâm (SW)"))} -> 0 | J29: {=SUMPRODUCT((DREAMH!$D$2:$D$766="Its T time")*(DREAMH!$B$2:$B$766="F6. Thông tin chẩn đoán và điều trị")*(DREAMH!$DL$2:$DL$766="Chọn")*(INDEX(DREAMH!$K$2:$K$766,MATCH(DREAMH!$A$2:$A$766,DREAMH!$A$2:$A$766,0))="Nam quan hệ tình dục đồng giới (MSM)"))} -> 0 | K29: x | L29: x | M29: x | N29: x
B30: 6 | C30: Số KH được hỗ trợ mua thẻ Bảo hiểm y tế | E30: {=SUMPRODUCT((DREAMH!$D$2:$D$766="Its T time")*(DREAMH!$B$2:$B$766="F5. Phiếu hỗ trợ tuân thủ điều trị")*(DREAMH!$BG$2:$BG$766="Chọn"))} -> 0 | F30: {=SUMPRODUCT((DREAMH!$D$2:$D$766="Its T time")*(DREAMH!$B$2:$B$766="F5. Phiếu hỗ trợ tuân thủ điều trị")*(DREAMH!$BG$2:$BG$766="Chọn")*(INDEX(DREAMH!$K$2:$K$766,MATCH(DREAMH!$A$2:$A$766,DREAMH!$A$2:$A$766,0))="Người sử dụng ma túy (PUD)"))} -> 0 | G30: {=SUMPRODUCT((DREAMH!$D$2:$D$766="Its T time")*(DREAMH!$B$2:$B$766="F5. Phiếu hỗ trợ tuân thủ điều trị")*(DREAMH!$BG$2:$BG$766="Chọn")*(INDEX(DREAMH!$K$2:$K$766,MATCH(DREAMH!$A$2:$A$766,DREAMH!$A$2:$A$766,0))="Người sống chung với HIV (PLHIV)"))} -> 0 | H30: {=SUMPRODUCT((DREAMH!$D$2:$D$766="Its T time")*(DREAMH!$B$2:$B$766="F5. Phiếu hỗ trợ tuân thủ điều trị")*(DREAMH!$BG$2:$BG$766="Chọn")*(INDEX(DREAMH!$K$2:$K$766,MATCH(DREAMH!$A$2:$A$766,DREAMH!$A$2:$A$766,0))="Người chuyển giới (TG)"))} -> 0 | I30: {=SUMPRODUCT((DREAMH!$D$2:$D$766="Its T time")*(DREAMH!$B$2:$B$766="F5. Phiếu hỗ trợ tuân thủ điều trị")*(DREAMH!$BG$2:$BG$766="Chọn")*(INDEX(DREAMH!$K$2:$K$766,MATCH(DREAMH!$A$2:$A$766,DREAMH!$A$2:$A$766,0))="Người bán dâm (SW)"))} -> 0 | J30: {=SUMPRODUCT((DREAMH!$D$2:$D$766="Its T time")*(DREAMH!$B$2:$B$766="F5. Phiếu hỗ trợ tuân thủ điều trị")*(DREAMH!$BG$2:$BG$766="Chọn")*(INDEX(DREAMH!$K$2:$K$766,MATCH(DREAMH!$A$2:$A$766,DREAMH!$A$2:$A$766,0))="Nam quan hệ tình dục đồng giới (MSM)"))} -> 0 | K30: x | L30: x | M30: x | N30: x | O30: Chưa có biểu mẫu nhập thông tin này Bổ sung
B31: IV | C31: CÁC CAN THIỆP CÁ NHÂN VÀ CAN THIỆP NHÓM | O31: Dữ liệu từ biểu mẫu tư vấn
B32: 1 | C32: Số lượt KH được tư vấn cá nhân | E32: {=SUMPRODUCT((DREAMH!$D$2:$D$766="Its T time")*((DREAMH!$B$2:$B$766="F7. Phiếu tư vấn lần 1")+(DREAMH!$B$2:$B$766="F8. Phiếu tư vấn (từ lần 2)")))} -> 0 | F32: {=SUMPRODUCT((DREAMH!$D$2:$D$766="Its T time")*((DREAMH!$B$2:$B$766="F7. Phiếu tư vấn lần 1")+(DREAMH!$B$2:$B$766="F8. Phiếu tư vấn (từ lần 2)"))*(INDEX(DREAMH!$K$2:$K$766,MATCH(DREAMH!$A$2:$A$766,DREAMH!$A$2:$A$766,0))="Người sử dụng ma túy (PUD)"))} -> 0 | G32: {=SUMPRODUCT((DREAMH!$D$2:$D$766="Its T time")*((DREAMH!$B$2:$B$766="F7. Phiếu tư vấn lần 1")+(DREAMH!$B$2:$B$766="F8. Phiếu tư vấn (từ lần 2)"))*(INDEX(DREAMH!$K$2:$K$766,MATCH(DREAMH!$A$2:$A$766,DREAMH!$A$2:$A$766,0))="Người sống chung với HIV (PLHIV)"))} -> 0 | H32: {=SUMPRODUCT((DREAMH!$D$2:$D$766="Its T time")*((DREAMH!$B$2:$B$766="F7. Phiếu tư vấn lần 1")+(DREAMH!$B$2:$B$766="F8. Phiếu tư vấn (từ lần 2)"))*(INDEX(DREAMH!$K$2:$K$766,MATCH(DREAMH!$A$2:$A$766,DREAMH!$A$2:$A$766,0))="Người chuyển giới (TG)"))} -> 0 | I32: {=SUMPRODUCT((DREAMH!$D$2:$D$766="Its T time")*((DREAMH!$B$2:$B$766="F7. Phiếu tư vấn lần 1")+(DREAMH!$B$2:$B$766="F8. Phiếu tư vấn (từ lần 2)"))*(INDEX(DREAMH!$K$2:$K$766,MATCH(DREAMH!$A$2:$A$766,DREAMH!$A$2:$A$766,0))="Người bán dâm (SW)"))} -> 0 | J32: {=SUMPRODUCT((DREAMH!$D$2:$D$766="Its T time")*((DREAMH!$B$2:$B$766="F7. Phiếu tư vấn lần 1")+(DREAMH!$B$2:$B$766="F8. Phiếu tư vấn (từ lần 2)"))*(INDEX(DREAMH!$K$2:$K$766,MATCH(DREAMH!$A$2:$A$766,DREAMH!$A$2:$A$766,0))="Nam quan hệ tình dục đồng giới (MSM)"))} -> 0 | K32: x | L32: x | M32: x | N32: x
B33: 2 | C33: Số KH được tư vấn cá nhân, trong đó: | E33: {=SUMPRODUCT((DREAMH!$D$2:$D$766="Its T time")*(DREAMH!$B$2:$B$766="F7. Phiếu tư vấn lần 1"))} -> 0 | F33: {=SUMPRODUCT((DREAMH!$D$2:$D$766="Its T time")*(DREAMH!$B$2:$B$766="F7. Phiếu tư vấn lần 1")*(INDEX(DREAMH!$K$2:$K$766,MATCH(DREAMH!$A$2:$A$766,DREAMH!$A$2:$A$766,0))="Người sử dụng ma túy (PUD)"))} -> 0 | G33: {=SUMPRODUCT((DREAMH!$D$2:$D$766="Its T time")*(DREAMH!$B$2:$B$766="F7. Phiếu tư vấn lần 1")*(INDEX(DREAMH!$K$2:$K$766,MATCH(DREAMH!$A$2:$A$766,DREAMH!$A$2:$A$766,0))="Người sống chung với HIV (PLHIV)"))} -> 0 | H33: {=SUMPRODUCT((DREAMH!$D$2:$D$766="Its T time")*(DREAMH!$B$2:$B$766="F7. Phiếu tư vấn lần 1")*(INDEX(DREAMH!$K$2:$K$766,MATCH(DREAMH!$A$2:$A$766,DREAMH!$A$2:$A$766,0))="Người chuyển giới (TG)"))} -> 0 | I33: {=SUMPRODUCT((DREAMH!$D$2:$D$766="Its T time")*(DREAMH!$B$2:$B$766="F7. Phiếu tư vấn lần 1")*(INDEX(DREAMH!$K$2:$K$766,MATCH(DREAMH!$A$2:$A$766,DREAMH!$A$2:$A$766,0))="Người bán dâm (SW)"))} -> 0 | J33: {=SUMPRODUCT((DREAMH!$D$2:$D$766="Its T time")*(DREAMH!$B$2:$B$766="F7. Phiếu tư vấn lần 1")*(INDEX(DREAMH!$K$2:$K$766,MATCH(DREAMH!$A$2:$A$766,DREAMH!$A$2:$A$766,0))="Nam quan hệ tình dục đồng giới (MSM)"))} -> 0 | K33: x | L33: x | M33: x | N33: x
C34: Số KH được tư vấn 1 lần | E34: {=SUMPRODUCT((DREAMH!$D$2:$D$766="Its T time")*(DREAMH!$B$2:$B$766="F7. Phiếu tư vấn lần 1")*(COUNTIFS(DREAMH!$A$2:$A$766, DREAMH!$A$2:$A$766, DREAMH!$B$2:$B$766, "F8. Phiếu tư vấn (từ lần 2)")=0))} -> 0 | F34: {=SUMPRODUCT((DREAMH!$D$2:$D$766="Its T time")*(DREAMH!$B$2:$B$766="F7. Phiếu tư vấn lần 1")*(COUNTIFS(DREAMH!$A$2:$A$766, DREAMH!$A$2:$A$766, DREAMH!$B$2:$B$766, "F8. Phiếu tư vấn (từ lần 2)")=0)*(INDEX(DREAMH!$K$2:$K$766,MATCH(DREAMH!$A$2:$A$766,DREAMH!$A$2:$A$766,0))="Người sử dụng ma túy (PUD)"))} -> 0 | G34: {=SUMPRODUCT((DREAMH!$D$2:$D$766="Its T time")*(DREAMH!$B$2:$B$766="F7. Phiếu tư vấn lần 1")*(COUNTIFS(DREAMH!$A$2:$A$766, DREAMH!$A$2:$A$766, DREAMH!$B$2:$B$766, "F8. Phiếu tư vấn (từ lần 2)")=0)*(INDEX(DREAMH!$K$2:$K$766,MATCH(DREAMH!$A$2:$A$766,DREAMH!$A$2:$A$766,0))="Người sống chung với HIV (PLHIV)"))} -> 0 | H34: {=SUMPRODUCT((DREAMH!$D$2:$D$766="Its T time")*(DREAMH!$B$2:$B$766="F7. Phiếu tư vấn lần 1")*(COUNTIFS(DREAMH!$A$2:$A$766, DREAMH!$A$2:$A$766, DREAMH!$B$2:$B$766, "F8. Phiếu tư vấn (từ lần 2)")=0)*(INDEX(DREAMH!$K$2:$K$766,MATCH(DREAMH!$A$2:$A$766,DREAMH!$A$2:$A$766,0))="Người chuyển giới (TG)"))} -> 0 | I34: {=SUMPRODUCT((DREAMH!$D$2:$D$766="Its T time")*(DREAMH!$B$2:$B$766="F7. Phiếu tư vấn lần 1")*(COUNTIFS(DREAMH!$A$2:$A$766, DREAMH!$A$2:$A$766, DREAMH!$B$2:$B$766, "F8. Phiếu tư vấn (từ lần 2)")=0)*(INDEX(DREAMH!$K$2:$K$766,MATCH(DREAMH!$A$2:$A$766,DREAMH!$A$2:$A$766,0))="Người bán dâm (SW)"))} -> 0 | J34: {=SUMPRODUCT((DREAMH!$D$2:$D$766="Its T time")*(DREAMH!$B$2:$B$766="F7. Phiếu tư vấn lần 1")*(COUNTIFS(DREAMH!$A$2:$A$766, DREAMH!$A$2:$A$766, DREAMH!$B$2:$B$766, "F8. Phiếu tư vấn (từ lần 2)")=0)*(INDEX(DREAMH!$K$2:$K$766,MATCH(DREAMH!$A$2:$A$766,DREAMH!$A$2:$A$766,0))="Nam quan hệ tình dục đồng giới (MSM)"))} -> 0 | L34: x | M34: x | N34: x
C35: Số KH được tư vấn 2 lần | E35: {=SUMPRODUCT((DREAMH!$D$2:$D$766="Its T time")*(DREAMH!$B$2:$B$766="F8. Phiếu tư vấn (từ lần 2)")*(COUNTIFS(DREAMH!$A$2:$A$766, DREAMH!$A$2:$A$766, DREAMH!$B$2:$B$766, "F8. Phiếu tư vấn (từ lần 2)")=1))} -> 0 | F35: {=SUMPRODUCT((DREAMH!$D$2:$D$766="Its T time")*(DREAMH!$B$2:$B$766="F8. Phiếu tư vấn (từ lần 2)")*(COUNTIFS(DREAMH!$A$2:$A$766, DREAMH!$A$2:$A$766, DREAMH!$B$2:$B$766, "F8. Phiếu tư vấn (từ lần 2)")=1)*(INDEX(DREAMH!$K$2:$K$766,MATCH(DREAMH!$A$2:$A$766,DREAMH!$A$2:$A$766,0))="Người sử dụng ma túy (PUD)"))} -> 0 | G35: {=SUMPRODUCT((DREAMH!$D$2:$D$766="Its T time")*(DREAMH!$B$2:$B$766="F8. Phiếu tư vấn (từ lần 2)")*(COUNTIFS(DREAMH!$A$2:$A$766, DREAMH!$A$2:$A$766, DREAMH!$B$2:$B$766, "F8. Phiếu tư vấn (từ lần 2)")=1)*(INDEX(DREAMH!$K$2:$K$766,MATCH(DREAMH!$A$2:$A$766,DREAMH!$A$2:$A$766,0))="Người sống chung với HIV (PLHIV)"))} -> 0 | H35: {=SUMPRODUCT((DREAMH!$D$2:$D$766="Its T time")*(DREAMH!$B$2:$B$766="F8. Phiếu tư vấn (từ lần 2)")*(COUNTIFS(DREAMH!$A$2:$A$766, DREAMH!$A$2:$A$766, DREAMH!$B$2:$B$766, "F8. Phiếu tư vấn (từ lần 2)")=1)*(INDEX(DREAMH!$K$2:$K$766,MATCH(DREAMH!$A$2:$A$766,DREAMH!$A$2:$A$766,0))="Người chuyển giới (TG)"))} -> 0 | I35: {=SUMPRODUCT((DREAMH!$D$2:$D$766="Its T time")*(DREAMH!$B$2:$B$766="F8. Phiếu tư vấn (từ lần 2)")*(COUNTIFS(DREAMH!$A$2:$A$766, DREAMH!$A$2:$A$766, DREAMH!$B$2:$B$766, "F8. Phiếu tư vấn (từ lần 2)")=1)*(INDEX(DREAMH!$K$2:$K$766,MATCH(DREAMH!$A$2:$A$766,DREAMH!$A$2:$A$766,0))="Người bán dâm (SW)"))} -> 0 | J35: {=SUMPRODUCT((DREAMH!$D$2:$D$766="Its T time")*(DREAMH!$B$2:$B$766="F8. Phiếu tư vấn (từ lần 2)")*(COUNTIFS(DREAMH!$A$2:$A$766, DREAMH!$A$2:$A$766, DREAMH!$B$2:$B$766, "F8. Phiếu tư vấn (từ lần 2)")=1)*(INDEX(DREAMH!$K$2:$K$766,MATCH(DREAMH!$A$2:$A$766,DREAMH!$A$2:$A$766,0))="Nam quan hệ tình dục đồng giới (MSM)"))} -> 0 | L35: x | M35: x | N35: x
C36: Số KH được tư vấn từ 3 lần trở lên | E36: {=SUMPRODUCT((DREAMH!$D$2:$D$766="Its T time")*(DREAMH!$B$2:$B$766="F8. Phiếu tư vấn (từ lần 2)")*(COUNTIFS(DREAMH!$A$2:$A$766, DREAMH!$A$2:$A$766, DREAMH!$B$2:$B$766, "F8. Phiếu tư vấn (từ lần 2)")>=2) / (COUNTIFS(DREAMH!$A$2:$A$766, DREAMH!$A$2:$A$766, DREAMH!$B$2:$B$766, "F8. Phiếu tư vấn (từ lần 2)") + (COUNTIFS(DREAMH!$A$2:$A$766, DREAMH!$A$2:$A$766, DREAMH!$B$2:$B$766, "F8. Phiếu tư vấn (từ lần 2)")=0)))} -> 0 | F36: {=SUMPRODUCT((DREAMH!$D$2:$D$766="Its T time")*(DREAMH!$B$2:$B$766="F8. Phiếu tư vấn (từ lần 2)")*(COUNTIFS(DREAMH!$A$2:$A$766, DREAMH!$A$2:$A$766, DREAMH!$B$2:$B$766, "F8. Phiếu tư vấn (từ lần 2)")>=2)*(INDEX(DREAMH!$K$2:$K$766,MATCH(DREAMH!$A$2:$A$766,DREAMH!$A$2:$A$766,0))="Người sử dụng ma túy (PUD)") / (COUNTIFS(DREAMH!$A$2:$A$766, DREAMH!$A$2:$A$766, DREAMH!$B$2:$B$766, "F8. Phiếu tư vấn (từ lần 2)") + (COUNTIFS(DREAMH!$A$2:$A$766, DREAMH!$A$2:$A$766, DREAMH!$B$2:$B$766, "F8. Phiếu tư vấn (từ lần 2)")=0)))} -> 0 | G36: {=SUMPRODUCT((DREAMH!$D$2:$D$766="Its T time")*(DREAMH!$B$2:$B$766="F8. Phiếu tư vấn (từ lần 2)")*(COUNTIFS(DREAMH!$A$2:$A$766, DREAMH!$A$2:$A$766, DREAMH!$B$2:$B$766, "F8. Phiếu tư vấn (từ lần 2)")>=2)*(INDEX(DREAMH!$K$2:$K$766,MATCH(DREAMH!$A$2:$A$766,DREAMH!$A$2:$A$766,0))="Người sống chung với HIV (PLHIV)") / (COUNTIFS(DREAMH!$A$2:$A$766, DREAMH!$A$2:$A$766, DREAMH!$B$2:$B$766, "F8. Phiếu tư vấn (từ lần 2)") + (COUNTIFS(DREAMH!$A$2:$A$766, DREAMH!$A$2:$A$766, DREAMH!$B$2:$B$766, "F8. Phiếu tư vấn (từ lần 2)")=0)))} -> 0 | H36: {=SUMPRODUCT((DREAMH!$D$2:$D$766="Its T time")*(DREAMH!$B$2:$B$766="F8. Phiếu tư vấn (từ lần 2)")*(COUNTIFS(DREAMH!$A$2:$A$766, DREAMH!$A$2:$A$766, DREAMH!$B$2:$B$766, "F8. Phiếu tư vấn (từ lần 2)")>=2)*(INDEX(DREAMH!$K$2:$K$766,MATCH(DREAMH!$A$2:$A$766,DREAMH!$A$2:$A$766,0))="Người chuyển giới (TG)") / (COUNTIFS(DREAMH!$A$2:$A$766, DREAMH!$A$2:$A$766, DREAMH!$B$2:$B$766, "F8. Phiếu tư vấn (từ lần 2)") + (COUNTIFS(DREAMH!$A$2:$A$766, DREAMH!$A$2:$A$766, DREAMH!$B$2:$B$766, "F8. Phiếu tư vấn (từ lần 2)")=0)))} -> 0 | I36: {=SUMPRODUCT((DREAMH!$D$2:$D$766="Its T time")*(DREAMH!$B$2:$B$766="F8. Phiếu tư vấn (từ lần 2)")*(COUNTIFS(DREAMH!$A$2:$A$766, DREAMH!$A$2:$A$766, DREAMH!$B$2:$B$766, "F8. Phiếu tư vấn (từ lần 2)")>=2)*(INDEX(DREAMH!$K$2:$K$766,MATCH(DREAMH!$A$2:$A$766,DREAMH!$A$2:$A$766,0))="Người bán dâm (SW)") / (COUNTIFS(DREAMH!$A$2:$A$766, DREAMH!$A$2:$A$766, DREAMH!$B$2:$B$766, "F8. Phiếu tư vấn (từ lần 2)") + (COUNTIFS(DREAMH!$A$2:$A$766, DREAMH!$A$2:$A$766, DREAMH!$B$2:$B$766, "F8. Phiếu tư vấn (từ lần 2)")=0)))} -> 0 | J36: {=SUMPRODUCT((DREAMH!$D$2:$D$766="Its T time")*(DREAMH!$B$2:$B$766="F8. Phiếu tư vấn (từ lần 2)")*(COUNTIFS(DREAMH!$A$2:$A$766, DREAMH!$A$2:$A$766, DREAMH!$B$2:$B$766, "F8. Phiếu tư vấn (từ lần 2)")>=2)*(INDEX(DREAMH!$K$2:$K$766,MATCH(DREAMH!$A$2:$A$766,DREAMH!$A$2:$A$766,0))="Nam quan hệ tình dục đồng giới (MSM)") / (COUNTIFS(DREAMH!$A$2:$A$766, DREAMH!$A$2:$A$766, DREAMH!$B$2:$B$766, "F8. Phiếu tư vấn (từ lần 2)") + (COUNTIFS(DREAMH!$A$2:$A$766, DREAMH!$A$2:$A$766, DREAMH!$B$2:$B$766, "F8. Phiếu tư vấn (từ lần 2)")=0)))} -> 0 | L36: x | M36: x | N36: x
B37: 3 | C37: Số lượt KH được tham gia sinh hoạt nhóm | E37: {=SUMPRODUCT((DREAMH!$D$2:$D$766="Its T time")*(DREAMH!$B$2:$B$766="F2. Truyền thông, sinh hoạt nhóm, vòng tròn chia sẻ, trị liệu nghệ thuật")*(DREAMH!$AA$2:$AA$766="Sinh hoạt nhóm"))} -> 0 | F37: {=SUMPRODUCT((DREAMH!$D$2:$D$766="Its T time")*(DREAMH!$B$2:$B$766="F2. Truyền thông, sinh hoạt nhóm, vòng tròn chia sẻ, trị liệu nghệ thuật")*(DREAMH!$AA$2:$AA$766="Sinh hoạt nhóm")*(INDEX(DREAMH!$K$2:$K$766,MATCH(DREAMH!$A$2:$A$766,DREAMH!$A$2:$A$766,0))="Người sử dụng ma túy (PUD)"))} -> 0 | G37: {=SUMPRODUCT((DREAMH!$D$2:$D$766="Its T time")*(DREAMH!$B$2:$B$766="F2. Truyền thông, sinh hoạt nhóm, vòng tròn chia sẻ, trị liệu nghệ thuật")*(DREAMH!$AA$2:$AA$766="Sinh hoạt nhóm")*(INDEX(DREAMH!$K$2:$K$766,MATCH(DREAMH!$A$2:$A$766,DREAMH!$A$2:$A$766,0))="Người sống chung với HIV (PLHIV)"))} -> 0 | H37: {=SUMPRODUCT((DREAMH!$D$2:$D$766="Its T time")*(DREAMH!$B$2:$B$766="F2. Truyền thông, sinh hoạt nhóm, vòng tròn chia sẻ, trị liệu nghệ thuật")*(DREAMH!$AA$2:$AA$766="Sinh hoạt nhóm")*(INDEX(DREAMH!$K$2:$K$766,MATCH(DREAMH!$A$2:$A$766,DREAMH!$A$2:$A$766,0))="Người chuyển giới (TG)"))} -> 0 | I37: {=SUMPRODUCT((DREAMH!$D$2:$D$766="Its T time")*(DREAMH!$B$2:$B$766="F2. Truyền thông, sinh hoạt nhóm, vòng tròn chia sẻ, trị liệu nghệ thuật")*(DREAMH!$AA$2:$AA$766="Sinh hoạt nhóm")*(INDEX(DREAMH!$K$2:$K$766,MATCH(DREAMH!$A$2:$A$766,DREAMH!$A$2:$A$766,0))="Người bán dâm (SW)"))} -> 0 | J37: {=SUMPRODUCT((DREAMH!$D$2:$D$766="Its T time")*(DREAMH!$B$2:$B$766="F2. Truyền thông, sinh hoạt nhóm, vòng tròn chia sẻ, trị liệu nghệ thuật")*(DREAMH!$AA$2:$AA$766="Sinh hoạt nhóm")*(INDEX(DREAMH!$K$2:$K$766,MATCH(DREAMH!$A$2:$A$766,DREAMH!$A$2:$A$766,0))="Nam quan hệ tình dục đồng giới (MSM)"))} -> 0 | K37: x | L37: x | M37: x | N37: x | O37: Dữ liệu từ biểu mẫu sinh hoạt nhóm và can thiệp chữa lành | P37: Tổng số lượt trong tháng (dễ nhìn check báo cáo và thánh quyết toán)
B38: 4 | C38: Số KH được tham gia sinh hoạt nhóm | E38: {=SUMPRODUCT(((DREAMH!$D$2:$D$766="Its T time")*(DREAMH!$B$2:$B$766="F2. Truyền thông, sinh hoạt nhóm, vòng tròn chia sẻ, trị liệu nghệ thuật")*(DREAMH!$AA$2:$AA$766="Sinh hoạt nhóm"))/(COUNTIFS(DREAMH!$A$2:$A$766,DREAMH!$A$2:$A$766,DREAMH!$B$2:$B$766,"F2. Truyền thông, sinh hoạt nhóm, vòng tròn chia sẻ, trị liệu nghệ thuật",DREAMH!$AA$2:$AA$766,"Sinh hoạt nhóm")+(COUNTIFS(DREAMH!$A$2:$A$766,DREAMH!$A$2:$A$766,DREAMH!$B$2:$B$766,"F2. Truyền thông, sinh hoạt nhóm, vòng tròn chia sẻ, trị liệu nghệ thuật",DREAMH!$AA$2:$AA$766,"Sinh hoạt nhóm")=0)))} -> 0 | F38: {=SUMPRODUCT(((DREAMH!$D$2:$D$766="Its T time")*(DREAMH!$B$2:$B$766="F2. Truyền thông, sinh hoạt nhóm, vòng tròn chia sẻ, trị liệu nghệ thuật")*(DREAMH!$AA$2:$AA$766="Sinh hoạt nhóm"))*(INDEX(DREAMH!$K$2:$K$766,MATCH(DREAMH!$A$2:$A$766,DREAMH!$A$2:$A$766,0))="Người sử dụng ma túy (PUD)")/(COUNTIFS(DREAMH!$A$2:$A$766,DREAMH!$A$2:$A$766,DREAMH!$B$2:$B$766,"F2. Truyền thông, sinh hoạt nhóm, vòng tròn chia sẻ, trị liệu nghệ thuật",DREAMH!$AA$2:$AA$766,"Sinh hoạt nhóm")+(COUNTIFS(DREAMH!$A$2:$A$766,DREAMH!$A$2:$A$766,DREAMH!$B$2:$B$766,"F2. Truyền thông, sinh hoạt nhóm, vòng tròn chia sẻ, trị liệu nghệ thuật",DREAMH!$AA$2:$AA$766,"Sinh hoạt nhóm")=0)))} -> 0 | G38: {=SUMPRODUCT(((DREAMH!$D$2:$D$766="Its T time")*(DREAMH!$B$2:$B$766="F2. Truyền thông, sinh hoạt nhóm, vòng tròn chia sẻ, trị liệu nghệ thuật")*(DREAMH!$AA$2:$AA$766="Sinh hoạt nhóm"))*(INDEX(DREAMH!$K$2:$K$766,MATCH(DREAMH!$A$2:$A$766,DREAMH!$A$2:$A$766,0))="Người sống chung với HIV (PLHIV)")/(COUNTIFS(DREAMH!$A$2:$A$766,DREAMH!$A$2:$A$766,DREAMH!$B$2:$B$766,"F2. Truyền thông, sinh hoạt nhóm, vòng tròn chia sẻ, trị liệu nghệ thuật",DREAMH!$AA$2:$AA$766,"Sinh hoạt nhóm")+(COUNTIFS(DREAMH!$A$2:$A$766,DREAMH!$A$2:$A$766,DREAMH!$B$2:$B$766,"F2. Truyền thông, sinh hoạt nhóm, vòng tròn chia sẻ, trị liệu nghệ thuật",DREAMH!$AA$2:$AA$766,"Sinh hoạt nhóm")=0)))} -> 0 | H38: {=SUMPRODUCT(((DREAMH!$D$2:$D$766="Its T time")*(DREAMH!$B$2:$B$766="F2. Truyền thông, sinh hoạt nhóm, vòng tròn chia sẻ, trị liệu nghệ thuật")*(DREAMH!$AA$2:$AA$766="Sinh hoạt nhóm"))*(INDEX(DREAMH!$K$2:$K$766,MATCH(DREAMH!$A$2:$A$766,DREAMH!$A$2:$A$766,0))="Người chuyển giới (TG)")/(COUNTIFS(DREAMH!$A$2:$A$766,DREAMH!$A$2:$A$766,DREAMH!$B$2:$B$766,"F2. Truyền thông, sinh hoạt nhóm, vòng tròn chia sẻ, trị liệu nghệ thuật",DREAMH!$AA$2:$AA$766,"Sinh hoạt nhóm")+(COUNTIFS(DREAMH!$A$2:$A$766,DREAMH!$A$2:$A$766,DREAMH!$B$2:$B$766,"F2. Truyền thông, sinh hoạt nhóm, vòng tròn chia sẻ, trị liệu nghệ thuật",DREAMH!$AA$2:$AA$766,"Sinh hoạt nhóm")=0)))} -> 0 | I38: {=SUMPRODUCT(((DREAMH!$D$2:$D$766="Its T time")*(DREAMH!$B$2:$B$766="F2. Truyền thông, sinh hoạt nhóm, vòng tròn chia sẻ, trị liệu nghệ thuật")*(DREAMH!$AA$2:$AA$766="Sinh hoạt nhóm"))*(INDEX(DREAMH!$K$2:$K$766,MATCH(DREAMH!$A$2:$A$766,DREAMH!$A$2:$A$766,0))="Người bán dâm (SW)")/(COUNTIFS(DREAMH!$A$2:$A$766,DREAMH!$A$2:$A$766,DREAMH!$B$2:$B$766,"F2. Truyền thông, sinh hoạt nhóm, vòng tròn chia sẻ, trị liệu nghệ thuật",DREAMH!$AA$2:$AA$766,"Sinh hoạt nhóm")+(COUNTIFS(DREAMH!$A$2:$A$766,DREAMH!$A$2:$A$766,DREAMH!$B$2:$B$766,"F2. Truyền thông, sinh hoạt nhóm, vòng tròn chia sẻ, trị liệu nghệ thuật",DREAMH!$AA$2:$AA$766,"Sinh hoạt nhóm")=0)))} -> 0 | J38: {=SUMPRODUCT(((DREAMH!$D$2:$D$766="Its T time")*(DREAMH!$B$2:$B$766="F2. Truyền thông, sinh hoạt nhóm, vòng tròn chia sẻ, trị liệu nghệ thuật")*(DREAMH!$AA$2:$AA$766="Sinh hoạt nhóm"))*(INDEX(DREAMH!$K$2:$K$766,MATCH(DREAMH!$A$2:$A$766,DREAMH!$A$2:$A$766,0))="Nam quan hệ tình dục đồng giới (MSM)")/(COUNTIFS(DREAMH!$A$2:$A$766,DREAMH!$A$2:$A$766,DREAMH!$B$2:$B$766,"F2. Truyền thông, sinh hoạt nhóm, vòng tròn chia sẻ, trị liệu nghệ thuật",DREAMH!$AA$2:$AA$766,"Sinh hoạt nhóm")+(COUNTIFS(DREAMH!$A$2:$A$766,DREAMH!$A$2:$A$766,DREAMH!$B$2:$B$766,"F2. Truyền thông, sinh hoạt nhóm, vòng tròn chia sẻ, trị liệu nghệ thuật",DREAMH!$AA$2:$AA$766,"Sinh hoạt nhóm")=0)))} -> 0 | K38: x | L38: x | M38: x | N38: x
B39: 5 | C39: Số lượt KH được tham gia can thiệp chữa lành | E39: {=SUMPRODUCT((DREAMH!$D$2:$D$766="Its T time")*(DREAMH!$B$2:$B$766="F2. Truyền thông, sinh hoạt nhóm, vòng tròn chia sẻ, trị liệu nghệ thuật")*(DREAMH!$AA$2:$AA$766="Can thiệp chữa lành"))} -> 0 | F39: {=SUMPRODUCT((DREAMH!$D$2:$D$766="Its T time")*(DREAMH!$B$2:$B$766="F2. Truyền thông, sinh hoạt nhóm, vòng tròn chia sẻ, trị liệu nghệ thuật")*(DREAMH!$AA$2:$AA$766="Can thiệp chữa lành")*(INDEX(DREAMH!$K$2:$K$766,MATCH(DREAMH!$A$2:$A$766,DREAMH!$A$2:$A$766,0))="Người sử dụng ma túy (PUD)"))} -> 0 | G39: {=SUMPRODUCT((DREAMH!$D$2:$D$766="Its T time")*(DREAMH!$B$2:$B$766="F2. Truyền thông, sinh hoạt nhóm, vòng tròn chia sẻ, trị liệu nghệ thuật")*(DREAMH!$AA$2:$AA$766="Can thiệp chữa lành")*(INDEX(DREAMH!$K$2:$K$766,MATCH(DREAMH!$A$2:$A$766,DREAMH!$A$2:$A$766,0))="Người sống chung với HIV (PLHIV)"))} -> 0 | H39: {=SUMPRODUCT((DREAMH!$D$2:$D$766="Its T time")*(DREAMH!$B$2:$B$766="F2. Truyền thông, sinh hoạt nhóm, vòng tròn chia sẻ, trị liệu nghệ thuật")*(DREAMH!$AA$2:$AA$766="Can thiệp chữa lành")*(INDEX(DREAMH!$K$2:$K$766,MATCH(DREAMH!$A$2:$A$766,DREAMH!$A$2:$A$766,0))="Người chuyển giới (TG)"))} -> 0 | I39: {=SUMPRODUCT((DREAMH!$D$2:$D$766="Its T time")*(DREAMH!$B$2:$B$766="F2. Truyền thông, sinh hoạt nhóm, vòng tròn chia sẻ, trị liệu nghệ thuật")*(DREAMH!$AA$2:$AA$766="Can thiệp chữa lành")*(INDEX(DREAMH!$K$2:$K$766,MATCH(DREAMH!$A$2:$A$766,DREAMH!$A$2:$A$766,0))="Người bán dâm (SW)"))} -> 0 | J39: {=SUMPRODUCT((DREAMH!$D$2:$D$766="Its T time")*(DREAMH!$B$2:$B$766="F2. Truyền thông, sinh hoạt nhóm, vòng tròn chia sẻ, trị liệu nghệ thuật")*(DREAMH!$AA$2:$AA$766="Can thiệp chữa lành")*(INDEX(DREAMH!$K$2:$K$766,MATCH(DREAMH!$A$2:$A$766,DREAMH!$A$2:$A$766,0))="Nam quan hệ tình dục đồng giới (MSM)"))} -> 0 | K39: x | L39: x | M39: x | N39: x
B40: 6 | C40: Số KH được tham gia can thiệp chữa lành | E40: {=SUMPRODUCT(((DREAMH!$D$2:$D$766="Its T time")*(DREAMH!$B$2:$B$766="F2. Truyền thông, sinh hoạt nhóm, vòng tròn chia sẻ, trị liệu nghệ thuật")*(DREAMH!$AA$2:$AA$766="Can thiệp chữa lành"))/(COUNTIFS(DREAMH!$A$2:$A$766,DREAMH!$A$2:$A$766,DREAMH!$B$2:$B$766,"F2. Truyền thông, sinh hoạt nhóm, vòng tròn chia sẻ, trị liệu nghệ thuật",DREAMH!$AA$2:$AA$766,"Can thiệp chữa lành")+(COUNTIFS(DREAMH!$A$2:$A$766,DREAMH!$A$2:$A$766,DREAMH!$B$2:$B$766,"F2. Truyền thông, sinh hoạt nhóm, vòng tròn chia sẻ, trị liệu nghệ thuật",DREAMH!$AA$2:$AA$766,"Can thiệp chữa lành")=0)))} -> 0 | F40: {=SUMPRODUCT(((DREAMH!$D$2:$D$766="Its T time")*(DREAMH!$B$2:$B$766="F2. Truyền thông, sinh hoạt nhóm, vòng tròn chia sẻ, trị liệu nghệ thuật")*(DREAMH!$AA$2:$AA$766="Can thiệp chữa lành"))*(INDEX(DREAMH!$K$2:$K$766,MATCH(DREAMH!$A$2:$A$766,DREAMH!$A$2:$A$766,0))="Người sử dụng ma túy (PUD)")/(COUNTIFS(DREAMH!$A$2:$A$766,DREAMH!$A$2:$A$766,DREAMH!$B$2:$B$766,"F2. Truyền thông, sinh hoạt nhóm, vòng tròn chia sẻ, trị liệu nghệ thuật",DREAMH!$AA$2:$AA$766,"Can thiệp chữa lành")+(COUNTIFS(DREAMH!$A$2:$A$766,DREAMH!$A$2:$A$766,DREAMH!$B$2:$B$766,"F2. Truyền thông, sinh hoạt nhóm, vòng tròn chia sẻ, trị liệu nghệ thuật",DREAMH!$AA$2:$AA$766,"Can thiệp chữa lành")=0)))} -> 0 | G40: {=SUMPRODUCT(((DREAMH!$D$2:$D$766="Its T time")*(DREAMH!$B$2:$B$766="F2. Truyền thông, sinh hoạt nhóm, vòng tròn chia sẻ, trị liệu nghệ thuật")*(DREAMH!$AA$2:$AA$766="Can thiệp chữa lành"))*(INDEX(DREAMH!$K$2:$K$766,MATCH(DREAMH!$A$2:$A$766,DREAMH!$A$2:$A$766,0))="Người sống chung với HIV (PLHIV)")/(COUNTIFS(DREAMH!$A$2:$A$766,DREAMH!$A$2:$A$766,DREAMH!$B$2:$B$766,"F2. Truyền thông, sinh hoạt nhóm, vòng tròn chia sẻ, trị liệu nghệ thuật",DREAMH!$AA$2:$AA$766,"Can thiệp chữa lành")+(COUNTIFS(DREAMH!$A$2:$A$766,DREAMH!$A$2:$A$766,DREAMH!$B$2:$B$766,"F2. Truyền thông, sinh hoạt nhóm, vòng tròn chia sẻ, trị liệu nghệ thuật",DREAMH!$AA$2:$AA$766,"Can thiệp chữa lành")=0)))} -> 0 | H40: {=SUMPRODUCT(((DREAMH!$D$2:$D$766="Its T time")*(DREAMH!$B$2:$B$766="F2. Truyền thông, sinh hoạt nhóm, vòng tròn chia sẻ, trị liệu nghệ thuật")*(DREAMH!$AA$2:$AA$766="Can thiệp chữa lành"))*(INDEX(DREAMH!$K$2:$K$766,MATCH(DREAMH!$A$2:$A$766,DREAMH!$A$2:$A$766,0))="Người chuyển giới (TG)")/(COUNTIFS(DREAMH!$A$2:$A$766,DREAMH!$A$2:$A$766,DREAMH!$B$2:$B$766,"F2. Truyền thông, sinh hoạt nhóm, vòng tròn chia sẻ, trị liệu nghệ thuật",DREAMH!$AA$2:$AA$766,"Can thiệp chữa lành")+(COUNTIFS(DREAMH!$A$2:$A$766,DREAMH!$A$2:$A$766,DREAMH!$B$2:$B$766,"F2. Truyền thông, sinh hoạt nhóm, vòng tròn chia sẻ, trị liệu nghệ thuật",DREAMH!$AA$2:$AA$766,"Can thiệp chữa lành")=0)))} -> 0 | I40: {=SUMPRODUCT(((DREAMH!$D$2:$D$766="Its T time")*(DREAMH!$B$2:$B$766="F2. Truyền thông, sinh hoạt nhóm, vòng tròn chia sẻ, trị liệu nghệ thuật")*(DREAMH!$AA$2:$AA$766="Can thiệp chữa lành"))*(INDEX(DREAMH!$K$2:$K$766,MATCH(DREAMH!$A$2:$A$766,DREAMH!$A$2:$A$766,0))="Người bán dâm (SW)")/(COUNTIFS(DREAMH!$A$2:$A$766,DREAMH!$A$2:$A$766,DREAMH!$B$2:$B$766,"F2. Truyền thông, sinh hoạt nhóm, vòng tròn chia sẻ, trị liệu nghệ thuật",DREAMH!$AA$2:$AA$766,"Can thiệp chữa lành")+(COUNTIFS(DREAMH!$A$2:$A$766,DREAMH!$A$2:$A$766,DREAMH!$B$2:$B$766,"F2. Truyền thông, sinh hoạt nhóm, vòng tròn chia sẻ, trị liệu nghệ thuật",DREAMH!$AA$2:$AA$766,"Can thiệp chữa lành")=0)))} -> 0 | J40: {=SUMPRODUCT(((DREAMH!$D$2:$D$766="Its T time")*(DREAMH!$B$2:$B$766="F2. Truyền thông, sinh hoạt nhóm, vòng tròn chia sẻ, trị liệu nghệ thuật")*(DREAMH!$AA$2:$AA$766="Can thiệp chữa lành"))*(INDEX(DREAMH!$K$2:$K$766,MATCH(DREAMH!$A$2:$A$766,DREAMH!$A$2:$A$766,0))="Nam quan hệ tình dục đồng giới (MSM)")/(COUNTIFS(DREAMH!$A$2:$A$766,DREAMH!$A$2:$A$766,DREAMH!$B$2:$B$766,"F2. Truyền thông, sinh hoạt nhóm, vòng tròn chia sẻ, trị liệu nghệ thuật",DREAMH!$AA$2:$AA$766,"Can thiệp chữa lành")+(COUNTIFS(DREAMH!$A$2:$A$766,DREAMH!$A$2:$A$766,DREAMH!$B$2:$B$766,"F2. Truyền thông, sinh hoạt nhóm, vòng tròn chia sẻ, trị liệu nghệ thuật",DREAMH!$AA$2:$AA$766,"Can thiệp chữa lành")=0)))} -> 0 | K40: x | L40: x | M40: x | N40: x
B41: V | C41: CAN THIỆP ONLINE
B42: 1 | C42: Số lượt KH được can thiệp online | K42: x | L42: x | M42: x | N42: x | O42: Chưa thống nhất việc thu thập thông tin và cach can thiệp (ứng dụng intellect) | P42: Chưa có biểu mẫu REDCap tương ứng trong DREAMH (thiếu F1-Tư vấn cá nhân/F4-Can thiệp online/F7-F8). Cần bổ sung instrument để tính tự động.
B43: 2 | C43: Số KH được can thiệp online | K43: x | L43: x | M43: x | N43: x | P43: Chưa có biểu mẫu REDCap tương ứng trong DREAMH (thiếu F1-Tư vấn cá nhân/F4-Can thiệp online/F7-F8). Cần bổ sung instrument để tính tự động.
B44: VI | C44: DỊCH VỤ CHUYỂN GỬI KHÁC
B45: 1 | C45: Số KH được chuyển gửi dịch vụ/xét nghiệm thành công | D45: - PREP | K45: x | L45: x | M45: x | N45: x | O45: Hiện đang chưa có cơ chế hỗ trợ fixed và thu thập dữ liệu cho những chuyển gửi này. Có thu thập những dữ liệu này không? Nếu có, bổ sung biểu mẫu nhập liệu, nếu không thì bỏ dòng này
D46: - PEP | K46: x | L46: x | M46: x | N46: x
D47: - Khám/điều trị STIs | K47: x | L47: x | M47: x | N47: x
D48: - XN/Điều trị Viêm gan B,C | K48: x | L48: x | M48: x | N48: x
D49: - Methadone | K49: x | L49: x | M49: x | N49: x
D50: - Dịch vụ y tế khác | K50: x | L50: x | M50: x | N50: x
B51: VII | C51: PHÁT TÀI LIỆU TRUYỀN THÔNG
B52: 1 | C52: Số quyển tài liệu đã phát | K52: x | L52: x | M52: x | N52: x | O52: Có dữ liệu trong các hoạt động nhóm (truyền thông, sinh hoạt, can thiệp chữa lành). Có bổ sung thêm trường này trong phiếu tư vấn không vì vẫn có thể phát tài liệu trong các buổi tư vấn?
B53: 2 | C53: Số KH nhận tài liệu | K53: x | L53: x | M53: x | N53: x

Sheet Liên minh hạnh phúc
C2: BÁO CÁO KẾT QUẢ HOẠT ĐỘNG
C3: Kỳ báo cáo: | F3: Tính theo nhóm KP hay nam/nữ/TG? | K3: Loại báo cáo
B4: # | C4: Thông tin báo cáo | E4: Tổng | F4: PUD | G4: PLHIV | H4: TG | I4: SW | J4: MSM | K4: Tháng | L4: Quý | M4: 6T | N4: 12T | O4: Nguồn số liệu | P4: Notes
B5: I | C5: THÔNG TIN CHUNG
B6: 1 | C6: Tổng số KH được chăm sóc từ đầu dự án | E6: {=SUMPRODUCT((DREAMH!$D$2:$D$766="Liên minh hạnh phúc")*(DREAMH!$B$2:$B$766=""))} -> 100 | F6: {=SUMPRODUCT((DREAMH!$D$2:$D$766="Liên minh hạnh phúc")*(DREAMH!$B$2:$B$766="")*(INDEX(DREAMH!$K$2:$K$766,MATCH(DREAMH!$A$2:$A$766,DREAMH!$A$2:$A$766,0))="Người sử dụng ma túy (PUD)"))} -> 43 | G6: {=SUMPRODUCT((DREAMH!$D$2:$D$766="Liên minh hạnh phúc")*(DREAMH!$B$2:$B$766="")*(INDEX(DREAMH!$K$2:$K$766,MATCH(DREAMH!$A$2:$A$766,DREAMH!$A$2:$A$766,0))="Người sống chung với HIV (PLHIV)"))} -> 0 | H6: {=SUMPRODUCT((DREAMH!$D$2:$D$766="Liên minh hạnh phúc")*(DREAMH!$B$2:$B$766="")*(INDEX(DREAMH!$K$2:$K$766,MATCH(DREAMH!$A$2:$A$766,DREAMH!$A$2:$A$766,0))="Người chuyển giới (TG)"))} -> 0 | I6: {=SUMPRODUCT((DREAMH!$D$2:$D$766="Liên minh hạnh phúc")*(DREAMH!$B$2:$B$766="")*(INDEX(DREAMH!$K$2:$K$766,MATCH(DREAMH!$A$2:$A$766,DREAMH!$A$2:$A$766,0))="Người bán dâm (SW)"))} -> 29 | J6: {=SUMPRODUCT((DREAMH!$D$2:$D$766="Liên minh hạnh phúc")*(DREAMH!$B$2:$B$766="")*(INDEX(DREAMH!$K$2:$K$766,MATCH(DREAMH!$A$2:$A$766,DREAMH!$A$2:$A$766,0))="Nam quan hệ tình dục đồng giới (MSM)"))} -> 28 | L6: x | M6: x | N6: x | O6: Dữ liệu từ các biểu mẫu (KH nhận bất cứ dịch vụ gì)
B7: 2 | C7: Tổng số KH được chăm sóc trong kỳ báo cáo | E7: {=SUMPRODUCT((DREAMH!$D$2:$D$766="Liên minh hạnh phúc")*(DREAMH!$B$2:$B$766=""))} -> 100 | F7: {=SUMPRODUCT((DREAMH!$D$2:$D$766="Liên minh hạnh phúc")*(DREAMH!$B$2:$B$766="")*(INDEX(DREAMH!$K$2:$K$766,MATCH(DREAMH!$A$2:$A$766,DREAMH!$A$2:$A$766,0))="Người sử dụng ma túy (PUD)"))} -> 43 | G7: {=SUMPRODUCT((DREAMH!$D$2:$D$766="Liên minh hạnh phúc")*(DREAMH!$B$2:$B$766="")*(INDEX(DREAMH!$K$2:$K$766,MATCH(DREAMH!$A$2:$A$766,DREAMH!$A$2:$A$766,0))="Người sống chung với HIV (PLHIV)"))} -> 0 | H7: {=SUMPRODUCT((DREAMH!$D$2:$D$766="Liên minh hạnh phúc")*(DREAMH!$B$2:$B$766="")*(INDEX(DREAMH!$K$2:$K$766,MATCH(DREAMH!$A$2:$A$766,DREAMH!$A$2:$A$766,0))="Người chuyển giới (TG)"))} -> 0 | I7: {=SUMPRODUCT((DREAMH!$D$2:$D$766="Liên minh hạnh phúc")*(DREAMH!$B$2:$B$766="")*(INDEX(DREAMH!$K$2:$K$766,MATCH(DREAMH!$A$2:$A$766,DREAMH!$A$2:$A$766,0))="Người bán dâm (SW)"))} -> 29 | J7: {=SUMPRODUCT((DREAMH!$D$2:$D$766="Liên minh hạnh phúc")*(DREAMH!$B$2:$B$766="")*(INDEX(DREAMH!$K$2:$K$766,MATCH(DREAMH!$A$2:$A$766,DREAMH!$A$2:$A$766,0))="Nam quan hệ tình dục đồng giới (MSM)"))} -> 28 | K7: x | L7: x | M7: x | N7: x | O7: Dữ liệu từ các biểu mẫu (KH nhận bất cứ dịch vụ gì)
B8: 3 | C8: Số KH mất dấu trong kỳ báo cáo | E8: {=SUMPRODUCT((DREAMH!$D$2:$D$766="Liên minh hạnh phúc")*(DREAMH!$B$2:$B$766="F9. Theo dấu khách hàng")*(DREAMH!$JA$2:$JA$766="Chọn"))} -> 0 | F8: {=SUMPRODUCT((DREAMH!$D$2:$D$766="Liên minh hạnh phúc")*(DREAMH!$B$2:$B$766="F9. Theo dấu khách hàng")*(DREAMH!$JA$2:$JA$766="Chọn")*(INDEX(DREAMH!$K$2:$K$766,MATCH(DREAMH!$A$2:$A$766,DREAMH!$A$2:$A$766,0))="Người sử dụng ma túy (PUD)"))} -> 0 | G8: {=SUMPRODUCT((DREAMH!$D$2:$D$766="Liên minh hạnh phúc")*(DREAMH!$B$2:$B$766="F9. Theo dấu khách hàng")*(DREAMH!$JA$2:$JA$766="Chọn")*(INDEX(DREAMH!$K$2:$K$766,MATCH(DREAMH!$A$2:$A$766,DREAMH!$A$2:$A$766,0))="Người sống chung với HIV (PLHIV)"))} -> 0 | H8: {=SUMPRODUCT((DREAMH!$D$2:$D$766="Liên minh hạnh phúc")*(DREAMH!$B$2:$B$766="F9. Theo dấu khách hàng")*(DREAMH!$JA$2:$JA$766="Chọn")*(INDEX(DREAMH!$K$2:$K$766,MATCH(DREAMH!$A$2:$A$766,DREAMH!$A$2:$A$766,0))="Người chuyển giới (TG)"))} -> 0 | I8: {=SUMPRODUCT((DREAMH!$D$2:$D$766="Liên minh hạnh phúc")*(DREAMH!$B$2:$B$766="F9. Theo dấu khách hàng")*(DREAMH!$JA$2:$JA$766="Chọn")*(INDEX(DREAMH!$K$2:$K$766,MATCH(DREAMH!$A$2:$A$766,DREAMH!$A$2:$A$766,0))="Người bán dâm (SW)"))} -> 0 | J8: {=SUMPRODUCT((DREAMH!$D$2:$D$766="Liên minh hạnh phúc")*(DREAMH!$B$2:$B$766="F9. Theo dấu khách hàng")*(DREAMH!$JA$2:$JA$766="Chọn")*(INDEX(DREAMH!$K$2:$K$766,MATCH(DREAMH!$A$2:$A$766,DREAMH!$A$2:$A$766,0))="Nam quan hệ tình dục đồng giới (MSM)"))} -> 0 | L8: x | M8: x | N8: x | O8: Dữ liệu từ biểu mẫu theo dấu KH | P8: Ghi nhận những KH được tính là mất dấu và được nhập liệu trên Redcap
B9: II | C9: HOẠT ĐỘNG TRUYỀN THÔNG
B10: 1 | C10: Số KH được tham gia truyền thông lần 1 | E10: {=SUMPRODUCT((DREAMH!$D$2:$D$766="Liên minh hạnh phúc")*(DREAMH!$B$2:$B$766="F2. Truyền thông, sinh hoạt nhóm, vòng tròn chia sẻ, trị liệu nghệ thuật")*(DREAMH!$AA$2:$AA$766="Truyền thông")*(DREAMH!$C$2:$C$766=1))} -> 97 | F10: {=SUMPRODUCT((DREAMH!$D$2:$D$766="Liên minh hạnh phúc")*(DREAMH!$B$2:$B$766="F2. Truyền thông, sinh hoạt nhóm, vòng tròn chia sẻ, trị liệu nghệ thuật")*(DREAMH!$AA$2:$AA$766="Truyền thông")*(DREAMH!$C$2:$C$766=1)*(INDEX(DREAMH!$K$2:$K$766,MATCH(DREAMH!$A$2:$A$766,DREAMH!$A$2:$A$766,0))="Người sử dụng ma túy (PUD)"))} -> 43 | G10: {=SUMPRODUCT((DREAMH!$D$2:$D$766="Liên minh hạnh phúc")*(DREAMH!$B$2:$B$766="F2. Truyền thông, sinh hoạt nhóm, vòng tròn chia sẻ, trị liệu nghệ thuật")*(DREAMH!$AA$2:$AA$766="Truyền thông")*(DREAMH!$C$2:$C$766=1)*(INDEX(DREAMH!$K$2:$K$766,MATCH(DREAMH!$A$2:$A$766,DREAMH!$A$2:$A$766,0))="Người sống chung với HIV (PLHIV)"))} -> 0 | H10: {=SUMPRODUCT((DREAMH!$D$2:$D$766="Liên minh hạnh phúc")*(DREAMH!$B$2:$B$766="F2. Truyền thông, sinh hoạt nhóm, vòng tròn chia sẻ, trị liệu nghệ thuật")*(DREAMH!$AA$2:$AA$766="Truyền thông")*(DREAMH!$C$2:$C$766=1)*(INDEX(DREAMH!$K$2:$K$766,MATCH(DREAMH!$A$2:$A$766,DREAMH!$A$2:$A$766,0))="Người chuyển giới (TG)"))} -> 0 | I10: {=SUMPRODUCT((DREAMH!$D$2:$D$766="Liên minh hạnh phúc")*(DREAMH!$B$2:$B$766="F2. Truyền thông, sinh hoạt nhóm, vòng tròn chia sẻ, trị liệu nghệ thuật")*(DREAMH!$AA$2:$AA$766="Truyền thông")*(DREAMH!$C$2:$C$766=1)*(INDEX(DREAMH!$K$2:$K$766,MATCH(DREAMH!$A$2:$A$766,DREAMH!$A$2:$A$766,0))="Người bán dâm (SW)"))} -> 29 | J10: {=SUMPRODUCT((DREAMH!$D$2:$D$766="Liên minh hạnh phúc")*(DREAMH!$B$2:$B$766="F2. Truyền thông, sinh hoạt nhóm, vòng tròn chia sẻ, trị liệu nghệ thuật")*(DREAMH!$AA$2:$AA$766="Truyền thông")*(DREAMH!$C$2:$C$766=1)*(INDEX(DREAMH!$K$2:$K$766,MATCH(DREAMH!$A$2:$A$766,DREAMH!$A$2:$A$766,0))="Nam quan hệ tình dục đồng giới (MSM)"))} -> 25 | K10: x | L10: x | M10: x | N10: x | O10: Dữ liệu từ biểu mẫu truyền thông
B11: 2 | C11: Số KH được tham gia truyền thông lần 2 | E11: {=SUMPRODUCT((DREAMH!$D$2:$D$766="Liên minh hạnh phúc")*(DREAMH!$B$2:$B$766="F2. Truyền thông, sinh hoạt nhóm, vòng tròn chia sẻ, trị liệu nghệ thuật")*(DREAMH!$AA$2:$AA$766="Truyền thông")*(DREAMH!$C$2:$C$766=2))} -> 0 | F11: {=SUMPRODUCT((DREAMH!$D$2:$D$766="Liên minh hạnh phúc")*(DREAMH!$B$2:$B$766="F2. Truyền thông, sinh hoạt nhóm, vòng tròn chia sẻ, trị liệu nghệ thuật")*(DREAMH!$AA$2:$AA$766="Truyền thông")*(DREAMH!$C$2:$C$766=2)*(INDEX(DREAMH!$K$2:$K$766,MATCH(DREAMH!$A$2:$A$766,DREAMH!$A$2:$A$766,0))="Người sử dụng ma túy (PUD)"))} -> 0 | G11: {=SUMPRODUCT((DREAMH!$D$2:$D$766="Liên minh hạnh phúc")*(DREAMH!$B$2:$B$766="F2. Truyền thông, sinh hoạt nhóm, vòng tròn chia sẻ, trị liệu nghệ thuật")*(DREAMH!$AA$2:$AA$766="Truyền thông")*(DREAMH!$C$2:$C$766=2)*(INDEX(DREAMH!$K$2:$K$766,MATCH(DREAMH!$A$2:$A$766,DREAMH!$A$2:$A$766,0))="Người sống chung với HIV (PLHIV)"))} -> 0 | H11: {=SUMPRODUCT((DREAMH!$D$2:$D$766="Liên minh hạnh phúc")*(DREAMH!$B$2:$B$766="F2. Truyền thông, sinh hoạt nhóm, vòng tròn chia sẻ, trị liệu nghệ thuật")*(DREAMH!$AA$2:$AA$766="Truyền thông")*(DREAMH!$C$2:$C$766=2)*(INDEX(DREAMH!$K$2:$K$766,MATCH(DREAMH!$A$2:$A$766,DREAMH!$A$2:$A$766,0))="Người chuyển giới (TG)"))} -> 0 | I11: {=SUMPRODUCT((DREAMH!$D$2:$D$766="Liên minh hạnh phúc")*(DREAMH!$B$2:$B$766="F2. Truyền thông, sinh hoạt nhóm, vòng tròn chia sẻ, trị liệu nghệ thuật")*(DREAMH!$AA$2:$AA$766="Truyền thông")*(DREAMH!$C$2:$C$766=2)*(INDEX(DREAMH!$K$2:$K$766,MATCH(DREAMH!$A$2:$A$766,DREAMH!$A$2:$A$766,0))="Người bán dâm (SW)"))} -> 0 | J11: {=SUMPRODUCT((DREAMH!$D$2:$D$766="Liên minh hạnh phúc")*(DREAMH!$B$2:$B$766="F2. Truyền thông, sinh hoạt nhóm, vòng tròn chia sẻ, trị liệu nghệ thuật")*(DREAMH!$AA$2:$AA$766="Truyền thông")*(DREAMH!$C$2:$C$766=2)*(INDEX(DREAMH!$K$2:$K$766,MATCH(DREAMH!$A$2:$A$766,DREAMH!$A$2:$A$766,0))="Nam quan hệ tình dục đồng giới (MSM)"))} -> 0 | K11: x | L11: x | M11: x | N11: x
B12: 3 | C12: Tổng số lượt KH tham gia truyền thông | E12: {=SUMPRODUCT((DREAMH!$D$2:$D$766="Liên minh hạnh phúc")*(DREAMH!$B$2:$B$766="F2. Truyền thông, sinh hoạt nhóm, vòng tròn chia sẻ, trị liệu nghệ thuật")*(DREAMH!$AA$2:$AA$766="Truyền thông"))} -> 97 | F12: {=SUMPRODUCT((DREAMH!$D$2:$D$766="Liên minh hạnh phúc")*(DREAMH!$B$2:$B$766="F2. Truyền thông, sinh hoạt nhóm, vòng tròn chia sẻ, trị liệu nghệ thuật")*(DREAMH!$AA$2:$AA$766="Truyền thông")*(INDEX(DREAMH!$K$2:$K$766,MATCH(DREAMH!$A$2:$A$766,DREAMH!$A$2:$A$766,0))="Người sử dụng ma túy (PUD)"))} -> 43 | G12: {=SUMPRODUCT((DREAMH!$D$2:$D$766="Liên minh hạnh phúc")*(DREAMH!$B$2:$B$766="F2. Truyền thông, sinh hoạt nhóm, vòng tròn chia sẻ, trị liệu nghệ thuật")*(DREAMH!$AA$2:$AA$766="Truyền thông")*(INDEX(DREAMH!$K$2:$K$766,MATCH(DREAMH!$A$2:$A$766,DREAMH!$A$2:$A$766,0))="Người sống chung với HIV (PLHIV)"))} -> 0 | H12: {=SUMPRODUCT((DREAMH!$D$2:$D$766="Liên minh hạnh phúc")*(DREAMH!$B$2:$B$766="F2. Truyền thông, sinh hoạt nhóm, vòng tròn chia sẻ, trị liệu nghệ thuật")*(DREAMH!$AA$2:$AA$766="Truyền thông")*(INDEX(DREAMH!$K$2:$K$766,MATCH(DREAMH!$A$2:$A$766,DREAMH!$A$2:$A$766,0))="Người chuyển giới (TG)"))} -> 0 | I12: {=SUMPRODUCT((DREAMH!$D$2:$D$766="Liên minh hạnh phúc")*(DREAMH!$B$2:$B$766="F2. Truyền thông, sinh hoạt nhóm, vòng tròn chia sẻ, trị liệu nghệ thuật")*(DREAMH!$AA$2:$AA$766="Truyền thông")*(INDEX(DREAMH!$K$2:$K$766,MATCH(DREAMH!$A$2:$A$766,DREAMH!$A$2:$A$766,0))="Người bán dâm (SW)"))} -> 29 | J12: {=SUMPRODUCT((DREAMH!$D$2:$D$766="Liên minh hạnh phúc")*(DREAMH!$B$2:$B$766="F2. Truyền thông, sinh hoạt nhóm, vòng tròn chia sẻ, trị liệu nghệ thuật")*(DREAMH!$AA$2:$AA$766="Truyền thông")*(INDEX(DREAMH!$K$2:$K$766,MATCH(DREAMH!$A$2:$A$766,DREAMH!$A$2:$A$766,0))="Nam quan hệ tình dục đồng giới (MSM)"))} -> 25 | K12: x | L12: x | M12: x | N12: x
B13: III | C13: SÀNG LỌC BẢNG HỎI QST VÀ CHUYỂN GỬI KHÁM, ĐIỀU TRỊ SKTT | O13: Dữ liệu từ bảng hỏi QST
B14: 1 | C14: Số KH được sàng lọc bảng hỏi QST lần 1 | E14: {=SUMPRODUCT((DREAMH!$D$2:$D$766="Liên minh hạnh phúc")*(DREAMH!$B$2:$B$766="F3. Bảng hỏi sàng lọc sức khoẻ tâm thần (QST)")*(DREAMH!$C$2:$C$766=1))} -> 88 | F14: {=SUMPRODUCT((DREAMH!$D$2:$D$766="Liên minh hạnh phúc")*(DREAMH!$B$2:$B$766="F3. Bảng hỏi sàng lọc sức khoẻ tâm thần (QST)")*(DREAMH!$C$2:$C$766=1)*(INDEX(DREAMH!$K$2:$K$766,MATCH(DREAMH!$A$2:$A$766,DREAMH!$A$2:$A$766,0))="Người sử dụng ma túy (PUD)"))} -> 43 | G14: {=SUMPRODUCT((DREAMH!$D$2:$D$766="Liên minh hạnh phúc")*(DREAMH!$B$2:$B$766="F3. Bảng hỏi sàng lọc sức khoẻ tâm thần (QST)")*(DREAMH!$C$2:$C$766=1)*(INDEX(DREAMH!$K$2:$K$766,MATCH(DREAMH!$A$2:$A$766,DREAMH!$A$2:$A$766,0))="Người sống chung với HIV (PLHIV)"))} -> 0 | H14: {=SUMPRODUCT((DREAMH!$D$2:$D$766="Liên minh hạnh phúc")*(DREAMH!$B$2:$B$766="F3. Bảng hỏi sàng lọc sức khoẻ tâm thần (QST)")*(DREAMH!$C$2:$C$766=1)*(INDEX(DREAMH!$K$2:$K$766,MATCH(DREAMH!$A$2:$A$766,DREAMH!$A$2:$A$766,0))="Người chuyển giới (TG)"))} -> 0 | I14: {=SUMPRODUCT((DREAMH!$D$2:$D$766="Liên minh hạnh phúc")*(DREAMH!$B$2:$B$766="F3. Bảng hỏi sàng lọc sức khoẻ tâm thần (QST)")*(DREAMH!$C$2:$C$766=1)*(INDEX(DREAMH!$K$2:$K$766,MATCH(DREAMH!$A$2:$A$766,DREAMH!$A$2:$A$766,0))="Người bán dâm (SW)"))} -> 21 | J14: {=SUMPRODUCT((DREAMH!$D$2:$D$766="Liên minh hạnh phúc")*(DREAMH!$B$2:$B$766="F3. Bảng hỏi sàng lọc sức khoẻ tâm thần (QST)")*(DREAMH!$C$2:$C$766=1)*(INDEX(DREAMH!$K$2:$K$766,MATCH(DREAMH!$A$2:$A$766,DREAMH!$A$2:$A$766,0))="Nam quan hệ tình dục đồng giới (MSM)"))} -> 24 | K14: x | L14: x | M14: x | N14: x
C15: Kết quả sàng lọc QST lần đầu | D15: Mức 1 (>=8) | E15: {=SUMPRODUCT((DREAMH!$D$2:$D$766="Liên minh hạnh phúc")*(DREAMH!$B$2:$B$766="F3. Bảng hỏi sàng lọc sức khoẻ tâm thần (QST)")*(DREAMH!$C$2:$C$766=1)*(DREAMH!$BC$2:$BC$766>=8))} -> 33 | F15: {=SUMPRODUCT((DREAMH!$D$2:$D$766="Liên minh hạnh phúc")*(DREAMH!$B$2:$B$766="F3. Bảng hỏi sàng lọc sức khoẻ tâm thần (QST)")*(DREAMH!$C$2:$C$766=1)*(DREAMH!$BC$2:$BC$766>=8)*(INDEX(DREAMH!$K$2:$K$766,MATCH(DREAMH!$A$2:$A$766,DREAMH!$A$2:$A$766,0))="Người sử dụng ma túy (PUD)"))} -> 9 | G15: {=SUMPRODUCT((DREAMH!$D$2:$D$766="Liên minh hạnh phúc")*(DREAMH!$B$2:$B$766="F3. Bảng hỏi sàng lọc sức khoẻ tâm thần (QST)")*(DREAMH!$C$2:$C$766=1)*(DREAMH!$BC$2:$BC$766>=8)*(INDEX(DREAMH!$K$2:$K$766,MATCH(DREAMH!$A$2:$A$766,DREAMH!$A$2:$A$766,0))="Người sống chung với HIV (PLHIV)"))} -> 0 | H15: {=SUMPRODUCT((DREAMH!$D$2:$D$766="Liên minh hạnh phúc")*(DREAMH!$B$2:$B$766="F3. Bảng hỏi sàng lọc sức khoẻ tâm thần (QST)")*(DREAMH!$C$2:$C$766=1)*(DREAMH!$BC$2:$BC$766>=8)*(INDEX(DREAMH!$K$2:$K$766,MATCH(DREAMH!$A$2:$A$766,DREAMH!$A$2:$A$766,0))="Người chuyển giới (TG)"))} -> 0 | I15: {=SUMPRODUCT((DREAMH!$D$2:$D$766="Liên minh hạnh phúc")*(DREAMH!$B$2:$B$766="F3. Bảng hỏi sàng lọc sức khoẻ tâm thần (QST)")*(DREAMH!$C$2:$C$766=1)*(DREAMH!$BC$2:$BC$766>=8)*(INDEX(DREAMH!$K$2:$K$766,MATCH(DREAMH!$A$2:$A$766,DREAMH!$A$2:$A$766,0))="Người bán dâm (SW)"))} -> 10 | J15: {=SUMPRODUCT((DREAMH!$D$2:$D$766="Liên minh hạnh phúc")*(DREAMH!$B$2:$B$766="F3. Bảng hỏi sàng lọc sức khoẻ tâm thần (QST)")*(DREAMH!$C$2:$C$766=1)*(DREAMH!$BC$2:$BC$766>=8)*(INDEX(DREAMH!$K$2:$K$766,MATCH(DREAMH!$A$2:$A$766,DREAMH!$A$2:$A$766,0))="Nam quan hệ tình dục đồng giới (MSM)"))} -> 14 | K15: x | L15: x | M15: x | N15: x
D16: Mức 2 (6 - 7) | E16: {=SUMPRODUCT((DREAMH!$D$2:$D$766="Liên minh hạnh phúc")*(DREAMH!$B$2:$B$766="F3. Bảng hỏi sàng lọc sức khoẻ tâm thần (QST)")*(DREAMH!$C$2:$C$766=1)*(DREAMH!$BC$2:$BC$766>=6)*(DREAMH!$BC$2:$BC$766<=7))} -> 11 | F16: {=SUMPRODUCT((DREAMH!$D$2:$D$766="Liên minh hạnh phúc")*(DREAMH!$B$2:$B$766="F3. Bảng hỏi sàng lọc sức khoẻ tâm thần (QST)")*(DREAMH!$C$2:$C$766=1)*(DREAMH!$BC$2:$BC$766>=6)*(DREAMH!$BC$2:$BC$766<=7)*(INDEX(DREAMH!$K$2:$K$766,MATCH(DREAMH!$A$2:$A$766,DREAMH!$A$2:$A$766,0))="Người sử dụng ma túy (PUD)"))} -> 1 | G16: {=SUMPRODUCT((DREAMH!$D$2:$D$766="Liên minh hạnh phúc")*(DREAMH!$B$2:$B$766="F3. Bảng hỏi sàng lọc sức khoẻ tâm thần (QST)")*(DREAMH!$C$2:$C$766=1)*(DREAMH!$BC$2:$BC$766>=6)*(DREAMH!$BC$2:$BC$766<=7)*(INDEX(DREAMH!$K$2:$K$766,MATCH(DREAMH!$A$2:$A$766,DREAMH!$A$2:$A$766,0))="Người sống chung với HIV (PLHIV)"))} -> 0 | H16: {=SUMPRODUCT((DREAMH!$D$2:$D$766="Liên minh hạnh phúc")*(DREAMH!$B$2:$B$766="F3. Bảng hỏi sàng lọc sức khoẻ tâm thần (QST)")*(DREAMH!$C$2:$C$766=1)*(DREAMH!$BC$2:$BC$766>=6)*(DREAMH!$BC$2:$BC$766<=7)*(INDEX(DREAMH!$K$2:$K$766,MATCH(DREAMH!$A$2:$A$766,DREAMH!$A$2:$A$766,0))="Người chuyển giới (TG)"))} -> 0 | I16: {=SUMPRODUCT((DREAMH!$D$2:$D$766="Liên minh hạnh phúc")*(DREAMH!$B$2:$B$766="F3. Bảng hỏi sàng lọc sức khoẻ tâm thần (QST)")*(DREAMH!$C$2:$C$766=1)*(DREAMH!$BC$2:$BC$766>=6)*(DREAMH!$BC$2:$BC$766<=7)*(INDEX(DREAMH!$K$2:$K$766,MATCH(DREAMH!$A$2:$A$766,DREAMH!$A$2:$A$766,0))="Người bán dâm (SW)"))} -> 6 | J16: {=SUMPRODUCT((DREAMH!$D$2:$D$766="Liên minh hạnh phúc")*(DREAMH!$B$2:$B$766="F3. Bảng hỏi sàng lọc sức khoẻ tâm thần (QST)")*(DREAMH!$C$2:$C$766=1)*(DREAMH!$BC$2:$BC$766>=6)*(DREAMH!$BC$2:$BC$766<=7)*(INDEX(DREAMH!$K$2:$K$766,MATCH(DREAMH!$A$2:$A$766,DREAMH!$A$2:$A$766,0))="Nam quan hệ tình dục đồng giới (MSM)"))} -> 4 | K16: x | L16: x | M16: x | N16: x
D17: Mức 3 (4 - 5) | E17: {=SUMPRODUCT((DREAMH!$D$2:$D$766="Liên minh hạnh phúc")*(DREAMH!$B$2:$B$766="F3. Bảng hỏi sàng lọc sức khoẻ tâm thần (QST)")*(DREAMH!$C$2:$C$766=1)*(DREAMH!$BC$2:$BC$766>=4)*(DREAMH!$BC$2:$BC$766<=5))} -> 24 | F17: {=SUMPRODUCT((DREAMH!$D$2:$D$766="Liên minh hạnh phúc")*(DREAMH!$B$2:$B$766="F3. Bảng hỏi sàng lọc sức khoẻ tâm thần (QST)")*(DREAMH!$C$2:$C$766=1)*(DREAMH!$BC$2:$BC$766>=4)*(DREAMH!$BC$2:$BC$766<=5)*(INDEX(DREAMH!$K$2:$K$766,MATCH(DREAMH!$A$2:$A$766,DREAMH!$A$2:$A$766,0))="Người sử dụng ma túy (PUD)"))} -> 13 | G17: {=SUMPRODUCT((DREAMH!$D$2:$D$766="Liên minh hạnh phúc")*(DREAMH!$B$2:$B$766="F3. Bảng hỏi sàng lọc sức khoẻ tâm thần (QST)")*(DREAMH!$C$2:$C$766=1)*(DREAMH!$BC$2:$BC$766>=4)*(DREAMH!$BC$2:$BC$766<=5)*(INDEX(DREAMH!$K$2:$K$766,MATCH(DREAMH!$A$2:$A$766,DREAMH!$A$2:$A$766,0))="Người sống chung với HIV (PLHIV)"))} -> 0 | H17: {=SUMPRODUCT((DREAMH!$D$2:$D$766="Liên minh hạnh phúc")*(DREAMH!$B$2:$B$766="F3. Bảng hỏi sàng lọc sức khoẻ tâm thần (QST)")*(DREAMH!$C$2:$C$766=1)*(DREAMH!$BC$2:$BC$766>=4)*(DREAMH!$BC$2:$BC$766<=5)*(INDEX(DREAMH!$K$2:$K$766,MATCH(DREAMH!$A$2:$A$766,DREAMH!$A$2:$A$766,0))="Người chuyển giới (TG)"))} -> 0 | I17: {=SUMPRODUCT((DREAMH!$D$2:$D$766="Liên minh hạnh phúc")*(DREAMH!$B$2:$B$766="F3. Bảng hỏi sàng lọc sức khoẻ tâm thần (QST)")*(DREAMH!$C$2:$C$766=1)*(DREAMH!$BC$2:$BC$766>=4)*(DREAMH!$BC$2:$BC$766<=5)*(INDEX(DREAMH!$K$2:$K$766,MATCH(DREAMH!$A$2:$A$766,DREAMH!$A$2:$A$766,0))="Người bán dâm (SW)"))} -> 5 | J17: {=SUMPRODUCT((DREAMH!$D$2:$D$766="Liên minh hạnh phúc")*(DREAMH!$B$2:$B$766="F3. Bảng hỏi sàng lọc sức khoẻ tâm thần (QST)")*(DREAMH!$C$2:$C$766=1)*(DREAMH!$BC$2:$BC$766>=4)*(DREAMH!$BC$2:$BC$766<=5)*(INDEX(DREAMH!$K$2:$K$766,MATCH(DREAMH!$A$2:$A$766,DREAMH!$A$2:$A$766,0))="Nam quan hệ tình dục đồng giới (MSM)"))} -> 6 | K17: x | L17: x | M17: x | N17: x
D18: Mức 4 (<4) | E18: {=SUMPRODUCT((DREAMH!$D$2:$D$766="Liên minh hạnh phúc")*(DREAMH!$B$2:$B$766="F3. Bảng hỏi sàng lọc sức khoẻ tâm thần (QST)")*(DREAMH!$C$2:$C$766=1)*(DREAMH!$BC$2:$BC$766<4))} -> 20 | F18: {=SUMPRODUCT((DREAMH!$D$2:$D$766="Liên minh hạnh phúc")*(DREAMH!$B$2:$B$766="F3. Bảng hỏi sàng lọc sức khoẻ tâm thần (QST)")*(DREAMH!$C$2:$C$766=1)*(DREAMH!$BC$2:$BC$766<4)*(INDEX(DREAMH!$K$2:$K$766,MATCH(DREAMH!$A$2:$A$766,DREAMH!$A$2:$A$766,0))="Người sử dụng ma túy (PUD)"))} -> 20 | G18: {=SUMPRODUCT((DREAMH!$D$2:$D$766="Liên minh hạnh phúc")*(DREAMH!$B$2:$B$766="F3. Bảng hỏi sàng lọc sức khoẻ tâm thần (QST)")*(DREAMH!$C$2:$C$766=1)*(DREAMH!$BC$2:$BC$766<4)*(INDEX(DREAMH!$K$2:$K$766,MATCH(DREAMH!$A$2:$A$766,DREAMH!$A$2:$A$766,0))="Người sống chung với HIV (PLHIV)"))} -> 0 | H18: {=SUMPRODUCT((DREAMH!$D$2:$D$766="Liên minh hạnh phúc")*(DREAMH!$B$2:$B$766="F3. Bảng hỏi sàng lọc sức khoẻ tâm thần (QST)")*(DREAMH!$C$2:$C$766=1)*(DREAMH!$BC$2:$BC$766<4)*(INDEX(DREAMH!$K$2:$K$766,MATCH(DREAMH!$A$2:$A$766,DREAMH!$A$2:$A$766,0))="Người chuyển giới (TG)"))} -> 0 | I18: {=SUMPRODUCT((DREAMH!$D$2:$D$766="Liên minh hạnh phúc")*(DREAMH!$B$2:$B$766="F3. Bảng hỏi sàng lọc sức khoẻ tâm thần (QST)")*(DREAMH!$C$2:$C$766=1)*(DREAMH!$BC$2:$BC$766<4)*(INDEX(DREAMH!$K$2:$K$766,MATCH(DREAMH!$A$2:$A$766,DREAMH!$A$2:$A$766,0))="Người bán dâm (SW)"))} -> 0 | J18: {=SUMPRODUCT((DREAMH!$D$2:$D$766="Liên minh hạnh phúc")*(DREAMH!$B$2:$B$766="F3. Bảng hỏi sàng lọc sức khoẻ tâm thần (QST)")*(DREAMH!$C$2:$C$766=1)*(DREAMH!$BC$2:$BC$766<4)*(INDEX(DREAMH!$K$2:$K$766,MATCH(DREAMH!$A$2:$A$766,DREAMH!$A$2:$A$766,0))="Nam quan hệ tình dục đồng giới (MSM)"))} -> 0 | K18: x | L18: x | M18: x | N18: x
B19: 2 | C19: Số KH được sàng lọc lại bảng hỏi QST (từ lần 2 trở đi) | E19: {=SUMPRODUCT((DREAMH!$D$2:$D$766="Liên minh hạnh phúc")*(DREAMH!$B$2:$B$766="F3. Bảng hỏi sàng lọc sức khoẻ tâm thần (QST)")*(DREAMH!$C$2:$C$766>=2))} -> 0 | F19: {=SUMPRODUCT((DREAMH!$D$2:$D$766="Liên minh hạnh phúc")*(DREAMH!$B$2:$B$766="F3. Bảng hỏi sàng lọc sức khoẻ tâm thần (QST)")*(DREAMH!$C$2:$C$766>=2)*(INDEX(DREAMH!$K$2:$K$766,MATCH(DREAMH!$A$2:$A$766,DREAMH!$A$2:$A$766,0))="Người sử dụng ma túy (PUD)"))} -> 0 | G19: {=SUMPRODUCT((DREAMH!$D$2:$D$766="Liên minh hạnh phúc")*(DREAMH!$B$2:$B$766="F3. Bảng hỏi sàng lọc sức khoẻ tâm thần (QST)")*(DREAMH!$C$2:$C$766>=2)*(INDEX(DREAMH!$K$2:$K$766,MATCH(DREAMH!$A$2:$A$766,DREAMH!$A$2:$A$766,0))="Người sống chung với HIV (PLHIV)"))} -> 0 | H19: {=SUMPRODUCT((DREAMH!$D$2:$D$766="Liên minh hạnh phúc")*(DREAMH!$B$2:$B$766="F3. Bảng hỏi sàng lọc sức khoẻ tâm thần (QST)")*(DREAMH!$C$2:$C$766>=2)*(INDEX(DREAMH!$K$2:$K$766,MATCH(DREAMH!$A$2:$A$766,DREAMH!$A$2:$A$766,0))="Người chuyển giới (TG)"))} -> 0 | I19: {=SUMPRODUCT((DREAMH!$D$2:$D$766="Liên minh hạnh phúc")*(DREAMH!$B$2:$B$766="F3. Bảng hỏi sàng lọc sức khoẻ tâm thần (QST)")*(DREAMH!$C$2:$C$766>=2)*(INDEX(DREAMH!$K$2:$K$766,MATCH(DREAMH!$A$2:$A$766,DREAMH!$A$2:$A$766,0))="Người bán dâm (SW)"))} -> 0 | J19: {=SUMPRODUCT((DREAMH!$D$2:$D$766="Liên minh hạnh phúc")*(DREAMH!$B$2:$B$766="F3. Bảng hỏi sàng lọc sức khoẻ tâm thần (QST)")*(DREAMH!$C$2:$C$766>=2)*(INDEX(DREAMH!$K$2:$K$766,MATCH(DREAMH!$A$2:$A$766,DREAMH!$A$2:$A$766,0))="Nam quan hệ tình dục đồng giới (MSM)"))} -> 0 | K19: x | L19: x | M19: x | N19: x | O19: Dữ liệu từ bảng hỏi lại QST
C20: Kết quả sàng lọc lại QST | D20: Mức 1 (>=8) | E20: {=SUMPRODUCT((DREAMH!$D$2:$D$766="Liên minh hạnh phúc")*(DREAMH!$B$2:$B$766="F3. Bảng hỏi sàng lọc sức khoẻ tâm thần (QST)")*(DREAMH!$C$2:$C$766>=2)*(DREAMH!$BC$2:$BC$766>=8))} -> 0 | F20: {=SUMPRODUCT((DREAMH!$D$2:$D$766="Liên minh hạnh phúc")*(DREAMH!$B$2:$B$766="F3. Bảng hỏi sàng lọc sức khoẻ tâm thần (QST)")*(DREAMH!$C$2:$C$766>=2)*(DREAMH!$BC$2:$BC$766>=8)*(INDEX(DREAMH!$K$2:$K$766,MATCH(DREAMH!$A$2:$A$766,DREAMH!$A$2:$A$766,0))="Người sử dụng ma túy (PUD)"))} -> 0 | G20: {=SUMPRODUCT((DREAMH!$D$2:$D$766="Liên minh hạnh phúc")*(DREAMH!$B$2:$B$766="F3. Bảng hỏi sàng lọc sức khoẻ tâm thần (QST)")*(DREAMH!$C$2:$C$766>=2)*(DREAMH!$BC$2:$BC$766>=8)*(INDEX(DREAMH!$K$2:$K$766,MATCH(DREAMH!$A$2:$A$766,DREAMH!$A$2:$A$766,0))="Người sống chung với HIV (PLHIV)"))} -> 0 | H20: {=SUMPRODUCT((DREAMH!$D$2:$D$766="Liên minh hạnh phúc")*(DREAMH!$B$2:$B$766="F3. Bảng hỏi sàng lọc sức khoẻ tâm thần (QST)")*(DREAMH!$C$2:$C$766>=2)*(DREAMH!$BC$2:$BC$766>=8)*(INDEX(DREAMH!$K$2:$K$766,MATCH(DREAMH!$A$2:$A$766,DREAMH!$A$2:$A$766,0))="Người chuyển giới (TG)"))} -> 0 | I20: {=SUMPRODUCT((DREAMH!$D$2:$D$766="Liên minh hạnh phúc")*(DREAMH!$B$2:$B$766="F3. Bảng hỏi sàng lọc sức khoẻ tâm thần (QST)")*(DREAMH!$C$2:$C$766>=2)*(DREAMH!$BC$2:$BC$766>=8)*(INDEX(DREAMH!$K$2:$K$766,MATCH(DREAMH!$A$2:$A$766,DREAMH!$A$2:$A$766,0))="Người bán dâm (SW)"))} -> 0 | J20: {=SUMPRODUCT((DREAMH!$D$2:$D$766="Liên minh hạnh phúc")*(DREAMH!$B$2:$B$766="F3. Bảng hỏi sàng lọc sức khoẻ tâm thần (QST)")*(DREAMH!$C$2:$C$766>=2)*(DREAMH!$BC$2:$BC$766>=8)*(INDEX(DREAMH!$K$2:$K$766,MATCH(DREAMH!$A$2:$A$766,DREAMH!$A$2:$A$766,0))="Nam quan hệ tình dục đồng giới (MSM)"))} -> 0 | K20: x | L20: x | M20: x | N20: x
D21: Mức 2 (6 - 7) | E21: {=SUMPRODUCT((DREAMH!$D$2:$D$766="Liên minh hạnh phúc")*(DREAMH!$B$2:$B$766="F3. Bảng hỏi sàng lọc sức khoẻ tâm thần (QST)")*(DREAMH!$C$2:$C$766>=2)*(DREAMH!$BC$2:$BC$766>=6)*(DREAMH!$BC$2:$BC$766<=7))} -> 0 | F21: {=SUMPRODUCT((DREAMH!$D$2:$D$766="Liên minh hạnh phúc")*(DREAMH!$B$2:$B$766="F3. Bảng hỏi sàng lọc sức khoẻ tâm thần (QST)")*(DREAMH!$C$2:$C$766>=2)*(DREAMH!$BC$2:$BC$766>=6)*(DREAMH!$BC$2:$BC$766<=7)*(INDEX(DREAMH!$K$2:$K$766,MATCH(DREAMH!$A$2:$A$766,DREAMH!$A$2:$A$766,0))="Người sử dụng ma túy (PUD)"))} -> 0 | G21: {=SUMPRODUCT((DREAMH!$D$2:$D$766="Liên minh hạnh phúc")*(DREAMH!$B$2:$B$766="F3. Bảng hỏi sàng lọc sức khoẻ tâm thần (QST)")*(DREAMH!$C$2:$C$766>=2)*(DREAMH!$BC$2:$BC$766>=6)*(DREAMH!$BC$2:$BC$766<=7)*(INDEX(DREAMH!$K$2:$K$766,MATCH(DREAMH!$A$2:$A$766,DREAMH!$A$2:$A$766,0))="Người sống chung với HIV (PLHIV)"))} -> 0 | H21: {=SUMPRODUCT((DREAMH!$D$2:$D$766="Liên minh hạnh phúc")*(DREAMH!$B$2:$B$766="F3. Bảng hỏi sàng lọc sức khoẻ tâm thần (QST)")*(DREAMH!$C$2:$C$766>=2)*(DREAMH!$BC$2:$BC$766>=6)*(DREAMH!$BC$2:$BC$766<=7)*(INDEX(DREAMH!$K$2:$K$766,MATCH(DREAMH!$A$2:$A$766,DREAMH!$A$2:$A$766,0))="Người chuyển giới (TG)"))} -> 0 | I21: {=SUMPRODUCT((DREAMH!$D$2:$D$766="Liên minh hạnh phúc")*(DREAMH!$B$2:$B$766="F3. Bảng hỏi sàng lọc sức khoẻ tâm thần (QST)")*(DREAMH!$C$2:$C$766>=2)*(DREAMH!$BC$2:$BC$766>=6)*(DREAMH!$BC$2:$BC$766<=7)*(INDEX(DREAMH!$K$2:$K$766,MATCH(DREAMH!$A$2:$A$766,DREAMH!$A$2:$A$766,0))="Người bán dâm (SW)"))} -> 0 | J21: {=SUMPRODUCT((DREAMH!$D$2:$D$766="Liên minh hạnh phúc")*(DREAMH!$B$2:$B$766="F3. Bảng hỏi sàng lọc sức khoẻ tâm thần (QST)")*(DREAMH!$C$2:$C$766>=2)*(DREAMH!$BC$2:$BC$766>=6)*(DREAMH!$BC$2:$BC$766<=7)*(INDEX(DREAMH!$K$2:$K$766,MATCH(DREAMH!$A$2:$A$766,DREAMH!$A$2:$A$766,0))="Nam quan hệ tình dục đồng giới (MSM)"))} -> 0 | K21: x | L21: x | M21: x | N21: x
D22: Mức 3 (4 - 5) | E22: {=SUMPRODUCT((DREAMH!$D$2:$D$766="Liên minh hạnh phúc")*(DREAMH!$B$2:$B$766="F3. Bảng hỏi sàng lọc sức khoẻ tâm thần (QST)")*(DREAMH!$C$2:$C$766>=2)*(DREAMH!$BC$2:$BC$766>=4)*(DREAMH!$BC$2:$BC$766<=5))} -> 0 | F22: {=SUMPRODUCT((DREAMH!$D$2:$D$766="Liên minh hạnh phúc")*(DREAMH!$B$2:$B$766="F3. Bảng hỏi sàng lọc sức khoẻ tâm thần (QST)")*(DREAMH!$C$2:$C$766>=2)*(DREAMH!$BC$2:$BC$766>=4)*(DREAMH!$BC$2:$BC$766<=5)*(INDEX(DREAMH!$K$2:$K$766,MATCH(DREAMH!$A$2:$A$766,DREAMH!$A$2:$A$766,0))="Người sử dụng ma túy (PUD)"))} -> 0 | G22: {=SUMPRODUCT((DREAMH!$D$2:$D$766="Liên minh hạnh phúc")*(DREAMH!$B$2:$B$766="F3. Bảng hỏi sàng lọc sức khoẻ tâm thần (QST)")*(DREAMH!$C$2:$C$766>=2)*(DREAMH!$BC$2:$BC$766>=4)*(DREAMH!$BC$2:$BC$766<=5)*(INDEX(DREAMH!$K$2:$K$766,MATCH(DREAMH!$A$2:$A$766,DREAMH!$A$2:$A$766,0))="Người sống chung với HIV (PLHIV)"))} -> 0 | H22: {=SUMPRODUCT((DREAMH!$D$2:$D$766="Liên minh hạnh phúc")*(DREAMH!$B$2:$B$766="F3. Bảng hỏi sàng lọc sức khoẻ tâm thần (QST)")*(DREAMH!$C$2:$C$766>=2)*(DREAMH!$BC$2:$BC$766>=4)*(DREAMH!$BC$2:$BC$766<=5)*(INDEX(DREAMH!$K$2:$K$766,MATCH(DREAMH!$A$2:$A$766,DREAMH!$A$2:$A$766,0))="Người chuyển giới (TG)"))} -> 0 | I22: {=SUMPRODUCT((DREAMH!$D$2:$D$766="Liên minh hạnh phúc")*(DREAMH!$B$2:$B$766="F3. Bảng hỏi sàng lọc sức khoẻ tâm thần (QST)")*(DREAMH!$C$2:$C$766>=2)*(DREAMH!$BC$2:$BC$766>=4)*(DREAMH!$BC$2:$BC$766<=5)*(INDEX(DREAMH!$K$2:$K$766,MATCH(DREAMH!$A$2:$A$766,DREAMH!$A$2:$A$766,0))="Người bán dâm (SW)"))} -> 0 | J22: {=SUMPRODUCT((DREAMH!$D$2:$D$766="Liên minh hạnh phúc")*(DREAMH!$B$2:$B$766="F3. Bảng hỏi sàng lọc sức khoẻ tâm thần (QST)")*(DREAMH!$C$2:$C$766>=2)*(DREAMH!$BC$2:$BC$766>=4)*(DREAMH!$BC$2:$BC$766<=5)*(INDEX(DREAMH!$K$2:$K$766,MATCH(DREAMH!$A$2:$A$766,DREAMH!$A$2:$A$766,0))="Nam quan hệ tình dục đồng giới (MSM)"))} -> 0 | K22: x | L22: x | M22: x | N22: x
D23: Mức 4 (<4) | E23: {=SUMPRODUCT((DREAMH!$D$2:$D$766="Liên minh hạnh phúc")*(DREAMH!$B$2:$B$766="F3. Bảng hỏi sàng lọc sức khoẻ tâm thần (QST)")*(DREAMH!$C$2:$C$766>=2)*(DREAMH!$BC$2:$BC$766<4))} -> 0 | F23: {=SUMPRODUCT((DREAMH!$D$2:$D$766="Liên minh hạnh phúc")*(DREAMH!$B$2:$B$766="F3. Bảng hỏi sàng lọc sức khoẻ tâm thần (QST)")*(DREAMH!$C$2:$C$766>=2)*(DREAMH!$BC$2:$BC$766<4)*(INDEX(DREAMH!$K$2:$K$766,MATCH(DREAMH!$A$2:$A$766,DREAMH!$A$2:$A$766,0))="Người sử dụng ma túy (PUD)"))} -> 0 | G23: {=SUMPRODUCT((DREAMH!$D$2:$D$766="Liên minh hạnh phúc")*(DREAMH!$B$2:$B$766="F3. Bảng hỏi sàng lọc sức khoẻ tâm thần (QST)")*(DREAMH!$C$2:$C$766>=2)*(DREAMH!$BC$2:$BC$766<4)*(INDEX(DREAMH!$K$2:$K$766,MATCH(DREAMH!$A$2:$A$766,DREAMH!$A$2:$A$766,0))="Người sống chung với HIV (PLHIV)"))} -> 0 | H23: {=SUMPRODUCT((DREAMH!$D$2:$D$766="Liên minh hạnh phúc")*(DREAMH!$B$2:$B$766="F3. Bảng hỏi sàng lọc sức khoẻ tâm thần (QST)")*(DREAMH!$C$2:$C$766>=2)*(DREAMH!$BC$2:$BC$766<4)*(INDEX(DREAMH!$K$2:$K$766,MATCH(DREAMH!$A$2:$A$766,DREAMH!$A$2:$A$766,0))="Người chuyển giới (TG)"))} -> 0 | I23: {=SUMPRODUCT((DREAMH!$D$2:$D$766="Liên minh hạnh phúc")*(DREAMH!$B$2:$B$766="F3. Bảng hỏi sàng lọc sức khoẻ tâm thần (QST)")*(DREAMH!$C$2:$C$766>=2)*(DREAMH!$BC$2:$BC$766<4)*(INDEX(DREAMH!$K$2:$K$766,MATCH(DREAMH!$A$2:$A$766,DREAMH!$A$2:$A$766,0))="Người bán dâm (SW)"))} -> 0 | J23: {=SUMPRODUCT((DREAMH!$D$2:$D$766="Liên minh hạnh phúc")*(DREAMH!$B$2:$B$766="F3. Bảng hỏi sàng lọc sức khoẻ tâm thần (QST)")*(DREAMH!$C$2:$C$766>=2)*(DREAMH!$BC$2:$BC$766<4)*(INDEX(DREAMH!$K$2:$K$766,MATCH(DREAMH!$A$2:$A$766,DREAMH!$A$2:$A$766,0))="Nam quan hệ tình dục đồng giới (MSM)"))} -> 0 | K23: x | L23: x | M23: x | N23: x
B24: 3 | C24: Số lượt KH được chuyển gửi khám SKTT | E24: {=SUMPRODUCT((DREAMH!$D$2:$D$766="Liên minh hạnh phúc")*(DREAMH!$B$2:$B$766="F6. Thông tin chẩn đoán và điều trị"))} -> 0 | F24: {=SUMPRODUCT((DREAMH!$D$2:$D$766="Liên minh hạnh phúc")*(DREAMH!$B$2:$B$766="F6. Thông tin chẩn đoán và điều trị")*(INDEX(DREAMH!$K$2:$K$766,MATCH(DREAMH!$A$2:$A$766,DREAMH!$A$2:$A$766,0))="Người sử dụng ma túy (PUD)"))} -> 0 | G24: {=SUMPRODUCT((DREAMH!$D$2:$D$766="Liên minh hạnh phúc")*(DREAMH!$B$2:$B$766="F6. Thông tin chẩn đoán và điều trị")*(INDEX(DREAMH!$K$2:$K$766,MATCH(DREAMH!$A$2:$A$766,DREAMH!$A$2:$A$766,0))="Người sống chung với HIV (PLHIV)"))} -> 0 | H24: {=SUMPRODUCT((DREAMH!$D$2:$D$766="Liên minh hạnh phúc")*(DREAMH!$B$2:$B$766="F6. Thông tin chẩn đoán và điều trị")*(INDEX(DREAMH!$K$2:$K$766,MATCH(DREAMH!$A$2:$A$766,DREAMH!$A$2:$A$766,0))="Người chuyển giới (TG)"))} -> 0 | I24: {=SUMPRODUCT((DREAMH!$D$2:$D$766="Liên minh hạnh phúc")*(DREAMH!$B$2:$B$766="F6. Thông tin chẩn đoán và điều trị")*(INDEX(DREAMH!$K$2:$K$766,MATCH(DREAMH!$A$2:$A$766,DREAMH!$A$2:$A$766,0))="Người bán dâm (SW)"))} -> 0 | J24: {=SUMPRODUCT((DREAMH!$D$2:$D$766="Liên minh hạnh phúc")*(DREAMH!$B$2:$B$766="F6. Thông tin chẩn đoán và điều trị")*(INDEX(DREAMH!$K$2:$K$766,MATCH(DREAMH!$A$2:$A$766,DREAMH!$A$2:$A$766,0))="Nam quan hệ tình dục đồng giới (MSM)"))} -> 0 | K24: x | L24: x | M24: x | N24: x | P24: Tổng số lượt trong tháng (dễ nhìn check báo cáo và thánh quyết toán)
B25: 4 | C25: Số KH được chuyển gửi khám SKTT, trong đó: | E25: {=SUMPRODUCT((DREAMH!$D$2:$D$766="Liên minh hạnh phúc")*(DREAMH!$B$2:$B$766="F6. Thông tin chẩn đoán và điều trị") / (COUNTIFS(DREAMH!$A$2:$A$766, DREAMH!$A$2:$A$766, DREAMH!$B$2:$B$766, "F6. Thông tin chẩn đoán và điều trị") + (COUNTIFS(DREAMH!$A$2:$A$766, DREAMH!$A$2:$A$766, DREAMH!$B$2:$B$766, "F6. Thông tin chẩn đoán và điều trị")=0)))} -> 0 | F25: {=SUMPRODUCT((DREAMH!$D$2:$D$766="Liên minh hạnh phúc")*(DREAMH!$B$2:$B$766="F6. Thông tin chẩn đoán và điều trị")*(INDEX(DREAMH!$K$2:$K$766,MATCH(DREAMH!$A$2:$A$766,DREAMH!$A$2:$A$766,0))="Người sử dụng ma túy (PUD)"))} -> 0 | G25: {=SUMPRODUCT((DREAMH!$D$2:$D$766="Liên minh hạnh phúc")*(DREAMH!$B$2:$B$766="F6. Thông tin chẩn đoán và điều trị")*(INDEX(DREAMH!$K$2:$K$766,MATCH(DREAMH!$A$2:$A$766,DREAMH!$A$2:$A$766,0))="Người sống chung với HIV (PLHIV)"))} -> 0 | H25: {=SUMPRODUCT((DREAMH!$D$2:$D$766="Liên minh hạnh phúc")*(DREAMH!$B$2:$B$766="F6. Thông tin chẩn đoán và điều trị")*(INDEX(DREAMH!$K$2:$K$766,MATCH(DREAMH!$A$2:$A$766,DREAMH!$A$2:$A$766,0))="Người chuyển giới (TG)"))} -> 0 | I25: {=SUMPRODUCT((DREAMH!$D$2:$D$766="Liên minh hạnh phúc")*(DREAMH!$B$2:$B$766="F6. Thông tin chẩn đoán và điều trị")*(INDEX(DREAMH!$K$2:$K$766,MATCH(DREAMH!$A$2:$A$766,DREAMH!$A$2:$A$766,0))="Người bán dâm (SW)"))} -> 0 | J25: {=SUMPRODUCT((DREAMH!$D$2:$D$766="Liên minh hạnh phúc")*(DREAMH!$B$2:$B$766="F6. Thông tin chẩn đoán và điều trị")*(INDEX(DREAMH!$K$2:$K$766,MATCH(DREAMH!$A$2:$A$766,DREAMH!$A$2:$A$766,0))="Nam quan hệ tình dục đồng giới (MSM)"))} -> 0 | K25: x | L25: x | M25: x | N25: x | O25: Dữ liệu từ biểu mẫu khám và điều trị SKTT
C26: Số KH được chuyển gửi khám SKTT lần 1 | E26: {=SUMPRODUCT((DREAMH!$D$2:$D$766="Liên minh hạnh phúc")*(DREAMH!$B$2:$B$766="F6. Thông tin chẩn đoán và điều trị")*(DREAMH!$DA$2:$DA$766="Khám lần đầu"))} -> 0 | F26: {=SUMPRODUCT((DREAMH!$D$2:$D$766="Liên minh hạnh phúc")*(DREAMH!$B$2:$B$766="F6. Thông tin chẩn đoán và điều trị")*(DREAMH!$DA$2:$DA$766="Khám lần đầu")*(INDEX(DREAMH!$K$2:$K$766,MATCH(DREAMH!$A$2:$A$766,DREAMH!$A$2:$A$766,0))="Người sử dụng ma túy (PUD)"))} -> 0 | G26: {=SUMPRODUCT((DREAMH!$D$2:$D$766="Liên minh hạnh phúc")*(DREAMH!$B$2:$B$766="F6. Thông tin chẩn đoán và điều trị")*(DREAMH!$DA$2:$DA$766="Khám lần đầu")*(INDEX(DREAMH!$K$2:$K$766,MATCH(DREAMH!$A$2:$A$766,DREAMH!$A$2:$A$766,0))="Người sống chung với HIV (PLHIV)"))} -> 0 | H26: {=SUMPRODUCT((DREAMH!$D$2:$D$766="Liên minh hạnh phúc")*(DREAMH!$B$2:$B$766="F6. Thông tin chẩn đoán và điều trị")*(DREAMH!$DA$2:$DA$766="Khám lần đầu")*(INDEX(DREAMH!$K$2:$K$766,MATCH(DREAMH!$A$2:$A$766,DREAMH!$A$2:$A$766,0))="Người chuyển giới (TG)"))} -> 0 | I26: {=SUMPRODUCT((DREAMH!$D$2:$D$766="Liên minh hạnh phúc")*(DREAMH!$B$2:$B$766="F6. Thông tin chẩn đoán và điều trị")*(DREAMH!$DA$2:$DA$766="Khám lần đầu")*(INDEX(DREAMH!$K$2:$K$766,MATCH(DREAMH!$A$2:$A$766,DREAMH!$A$2:$A$766,0))="Người bán dâm (SW)"))} -> 0 | J26: {=SUMPRODUCT((DREAMH!$D$2:$D$766="Liên minh hạnh phúc")*(DREAMH!$B$2:$B$766="F6. Thông tin chẩn đoán và điều trị")*(DREAMH!$DA$2:$DA$766="Khám lần đầu")*(INDEX(DREAMH!$K$2:$K$766,MATCH(DREAMH!$A$2:$A$766,DREAMH!$A$2:$A$766,0))="Nam quan hệ tình dục đồng giới (MSM)"))} -> 0 | K26: x | L26: x | M26: x | N26: x
C27: Số KH được tái khám SKTT | E27: {=SUMPRODUCT((DREAMH!$D$2:$D$766="Liên minh hạnh phúc")*(DREAMH!$B$2:$B$766="F6. Thông tin chẩn đoán và điều trị")*(DREAMH!$DA$2:$DA$766="Tái khám"))} -> 0 | F27: {=SUMPRODUCT((DREAMH!$D$2:$D$766="Liên minh hạnh phúc")*(DREAMH!$B$2:$B$766="F6. Thông tin chẩn đoán và điều trị")*(DREAMH!$DA$2:$DA$766="Tái khám")*(INDEX(DREAMH!$K$2:$K$766,MATCH(DREAMH!$A$2:$A$766,DREAMH!$A$2:$A$766,0))="Người sử dụng ma túy (PUD)"))} -> 0 | G27: {=SUMPRODUCT((DREAMH!$D$2:$D$766="Liên minh hạnh phúc")*(DREAMH!$B$2:$B$766="F6. Thông tin chẩn đoán và điều trị")*(DREAMH!$DA$2:$DA$766="Tái khám")*(INDEX(DREAMH!$K$2:$K$766,MATCH(DREAMH!$A$2:$A$766,DREAMH!$A$2:$A$766,0))="Người sống chung với HIV (PLHIV)"))} -> 0 | H27: {=SUMPRODUCT((DREAMH!$D$2:$D$766="Liên minh hạnh phúc")*(DREAMH!$B$2:$B$766="F6. Thông tin chẩn đoán và điều trị")*(DREAMH!$DA$2:$DA$766="Tái khám")*(INDEX(DREAMH!$K$2:$K$766,MATCH(DREAMH!$A$2:$A$766,DREAMH!$A$2:$A$766,0))="Người chuyển giới (TG)"))} -> 0 | I27: {=SUMPRODUCT((DREAMH!$D$2:$D$766="Liên minh hạnh phúc")*(DREAMH!$B$2:$B$766="F6. Thông tin chẩn đoán và điều trị")*(DREAMH!$DA$2:$DA$766="Tái khám")*(INDEX(DREAMH!$K$2:$K$766,MATCH(DREAMH!$A$2:$A$766,DREAMH!$A$2:$A$766,0))="Người bán dâm (SW)"))} -> 0 | J27: {=SUMPRODUCT((DREAMH!$D$2:$D$766="Liên minh hạnh phúc")*(DREAMH!$B$2:$B$766="F6. Thông tin chẩn đoán và điều trị")*(DREAMH!$DA$2:$DA$766="Tái khám")*(INDEX(DREAMH!$K$2:$K$766,MATCH(DREAMH!$A$2:$A$766,DREAMH!$A$2:$A$766,0))="Nam quan hệ tình dục đồng giới (MSM)"))} -> 0 | K27: x | L27: x | M27: x | N27: x
C28: Số lượt KH được tái khám SKTT | E28: {=SUMPRODUCT((DREAMH!$D$2:$D$766="Liên minh hạnh phúc")*(DREAMH!$B$2:$B$766="F6. Thông tin chẩn đoán và điều trị")*(DREAMH!$DA$2:$DA$766="Tái khám"))} -> 0 | F28: {=SUMPRODUCT((DREAMH!$D$2:$D$766="Liên minh hạnh phúc")*(DREAMH!$B$2:$B$766="F6. Thông tin chẩn đoán và điều trị")*(DREAMH!$DA$2:$DA$766="Tái khám")*(INDEX(DREAMH!$K$2:$K$766,MATCH(DREAMH!$A$2:$A$766,DREAMH!$A$2:$A$766,0))="Người sử dụng ma túy (PUD)"))} -> 0 | G28: {=SUMPRODUCT((DREAMH!$D$2:$D$766="Liên minh hạnh phúc")*(DREAMH!$B$2:$B$766="F6. Thông tin chẩn đoán và điều trị")*(DREAMH!$DA$2:$DA$766="Tái khám")*(INDEX(DREAMH!$K$2:$K$766,MATCH(DREAMH!$A$2:$A$766,DREAMH!$A$2:$A$766,0))="Người sống chung với HIV (PLHIV)"))} -> 0 | H28: {=SUMPRODUCT((DREAMH!$D$2:$D$766="Liên minh hạnh phúc")*(DREAMH!$B$2:$B$766="F6. Thông tin chẩn đoán và điều trị")*(DREAMH!$DA$2:$DA$766="Tái khám")*(INDEX(DREAMH!$K$2:$K$766,MATCH(DREAMH!$A$2:$A$766,DREAMH!$A$2:$A$766,0))="Người chuyển giới (TG)"))} -> 0 | I28: {=SUMPRODUCT((DREAMH!$D$2:$D$766="Liên minh hạnh phúc")*(DREAMH!$B$2:$B$766="F6. Thông tin chẩn đoán và điều trị")*(DREAMH!$DA$2:$DA$766="Tái khám")*(INDEX(DREAMH!$K$2:$K$766,MATCH(DREAMH!$A$2:$A$766,DREAMH!$A$2:$A$766,0))="Người bán dâm (SW)"))} -> 0 | J28: {=SUMPRODUCT((DREAMH!$D$2:$D$766="Liên minh hạnh phúc")*(DREAMH!$B$2:$B$766="F6. Thông tin chẩn đoán và điều trị")*(DREAMH!$DA$2:$DA$766="Tái khám")*(INDEX(DREAMH!$K$2:$K$766,MATCH(DREAMH!$A$2:$A$766,DREAMH!$A$2:$A$766,0))="Nam quan hệ tình dục đồng giới (MSM)"))} -> 0 | K28: x | L28: x | M28: x | N28: x
B29: 5 | C29: Số KH được điều trị nội trú (nhập viện) | E29: {=SUMPRODUCT((DREAMH!$D$2:$D$766="Liên minh hạnh phúc")*(DREAMH!$B$2:$B$766="F6. Thông tin chẩn đoán và điều trị")*(DREAMH!$DL$2:$DL$766="Chọn"))} -> 0 | F29: {=SUMPRODUCT((DREAMH!$D$2:$D$766="Liên minh hạnh phúc")*(DREAMH!$B$2:$B$766="F6. Thông tin chẩn đoán và điều trị")*(DREAMH!$DL$2:$DL$766="Chọn")*(INDEX(DREAMH!$K$2:$K$766,MATCH(DREAMH!$A$2:$A$766,DREAMH!$A$2:$A$766,0))="Người sử dụng ma túy (PUD)"))} -> 0 | G29: {=SUMPRODUCT((DREAMH!$D$2:$D$766="Liên minh hạnh phúc")*(DREAMH!$B$2:$B$766="F6. Thông tin chẩn đoán và điều trị")*(DREAMH!$DL$2:$DL$766="Chọn")*(INDEX(DREAMH!$K$2:$K$766,MATCH(DREAMH!$A$2:$A$766,DREAMH!$A$2:$A$766,0))="Người sống chung với HIV (PLHIV)"))} -> 0 | H29: {=SUMPRODUCT((DREAMH!$D$2:$D$766="Liên minh hạnh phúc")*(DREAMH!$B$2:$B$766="F6. Thông tin chẩn đoán và điều trị")*(DREAMH!$DL$2:$DL$766="Chọn")*(INDEX(DREAMH!$K$2:$K$766,MATCH(DREAMH!$A$2:$A$766,DREAMH!$A$2:$A$766,0))="Người chuyển giới (TG)"))} -> 0 | I29: {=SUMPRODUCT((DREAMH!$D$2:$D$766="Liên minh hạnh phúc")*(DREAMH!$B$2:$B$766="F6. Thông tin chẩn đoán và điều trị")*(DREAMH!$DL$2:$DL$766="Chọn")*(INDEX(DREAMH!$K$2:$K$766,MATCH(DREAMH!$A$2:$A$766,DREAMH!$A$2:$A$766,0))="Người bán dâm (SW)"))} -> 0 | J29: {=SUMPRODUCT((DREAMH!$D$2:$D$766="Liên minh hạnh phúc")*(DREAMH!$B$2:$B$766="F6. Thông tin chẩn đoán và điều trị")*(DREAMH!$DL$2:$DL$766="Chọn")*(INDEX(DREAMH!$K$2:$K$766,MATCH(DREAMH!$A$2:$A$766,DREAMH!$A$2:$A$766,0))="Nam quan hệ tình dục đồng giới (MSM)"))} -> 0 | K29: x | L29: x | M29: x | N29: x
B30: 6 | C30: Số KH được hỗ trợ mua thẻ Bảo hiểm y tế | E30: {=SUMPRODUCT((DREAMH!$D$2:$D$766="Liên minh hạnh phúc")*(DREAMH!$B$2:$B$766="F5. Phiếu hỗ trợ tuân thủ điều trị")*(DREAMH!$BG$2:$BG$766="Chọn"))} -> 0 | F30: {=SUMPRODUCT((DREAMH!$D$2:$D$766="Liên minh hạnh phúc")*(DREAMH!$B$2:$B$766="F5. Phiếu hỗ trợ tuân thủ điều trị")*(DREAMH!$BG$2:$BG$766="Chọn")*(INDEX(DREAMH!$K$2:$K$766,MATCH(DREAMH!$A$2:$A$766,DREAMH!$A$2:$A$766,0))="Người sử dụng ma túy (PUD)"))} -> 0 | G30: {=SUMPRODUCT((DREAMH!$D$2:$D$766="Liên minh hạnh phúc")*(DREAMH!$B$2:$B$766="F5. Phiếu hỗ trợ tuân thủ điều trị")*(DREAMH!$BG$2:$BG$766="Chọn")*(INDEX(DREAMH!$K$2:$K$766,MATCH(DREAMH!$A$2:$A$766,DREAMH!$A$2:$A$766,0))="Người sống chung với HIV (PLHIV)"))} -> 0 | H30: {=SUMPRODUCT((DREAMH!$D$2:$D$766="Liên minh hạnh phúc")*(DREAMH!$B$2:$B$766="F5. Phiếu hỗ trợ tuân thủ điều trị")*(DREAMH!$BG$2:$BG$766="Chọn")*(INDEX(DREAMH!$K$2:$K$766,MATCH(DREAMH!$A$2:$A$766,DREAMH!$A$2:$A$766,0))="Người chuyển giới (TG)"))} -> 0 | I30: {=SUMPRODUCT((DREAMH!$D$2:$D$766="Liên minh hạnh phúc")*(DREAMH!$B$2:$B$766="F5. Phiếu hỗ trợ tuân thủ điều trị")*(DREAMH!$BG$2:$BG$766="Chọn")*(INDEX(DREAMH!$K$2:$K$766,MATCH(DREAMH!$A$2:$A$766,DREAMH!$A$2:$A$766,0))="Người bán dâm (SW)"))} -> 0 | J30: {=SUMPRODUCT((DREAMH!$D$2:$D$766="Liên minh hạnh phúc")*(DREAMH!$B$2:$B$766="F5. Phiếu hỗ trợ tuân thủ điều trị")*(DREAMH!$BG$2:$BG$766="Chọn")*(INDEX(DREAMH!$K$2:$K$766,MATCH(DREAMH!$A$2:$A$766,DREAMH!$A$2:$A$766,0))="Nam quan hệ tình dục đồng giới (MSM)"))} -> 0 | K30: x | L30: x | M30: x | N30: x | O30: Chưa có biểu mẫu nhập thông tin này Bổ sung
B31: IV | C31: CÁC CAN THIỆP CÁ NHÂN VÀ CAN THIỆP NHÓM | O31: Dữ liệu từ biểu mẫu tư vấn
B32: 1 | C32: Số lượt KH được tư vấn cá nhân | E32: {=SUMPRODUCT((DREAMH!$D$2:$D$766="Liên minh hạnh phúc")*((DREAMH!$B$2:$B$766="F7. Phiếu tư vấn lần 1")+(DREAMH!$B$2:$B$766="F8. Phiếu tư vấn (từ lần 2)")))} -> 0 | F32: {=SUMPRODUCT((DREAMH!$D$2:$D$766="Liên minh hạnh phúc")*((DREAMH!$B$2:$B$766="F7. Phiếu tư vấn lần 1")+(DREAMH!$B$2:$B$766="F8. Phiếu tư vấn (từ lần 2)"))*(INDEX(DREAMH!$K$2:$K$766,MATCH(DREAMH!$A$2:$A$766,DREAMH!$A$2:$A$766,0))="Người sử dụng ma túy (PUD)"))} -> 0 | G32: {=SUMPRODUCT((DREAMH!$D$2:$D$766="Liên minh hạnh phúc")*((DREAMH!$B$2:$B$766="F7. Phiếu tư vấn lần 1")+(DREAMH!$B$2:$B$766="F8. Phiếu tư vấn (từ lần 2)"))*(INDEX(DREAMH!$K$2:$K$766,MATCH(DREAMH!$A$2:$A$766,DREAMH!$A$2:$A$766,0))="Người sống chung với HIV (PLHIV)"))} -> 0 | H32: {=SUMPRODUCT((DREAMH!$D$2:$D$766="Liên minh hạnh phúc")*((DREAMH!$B$2:$B$766="F7. Phiếu tư vấn lần 1")+(DREAMH!$B$2:$B$766="F8. Phiếu tư vấn (từ lần 2)"))*(INDEX(DREAMH!$K$2:$K$766,MATCH(DREAMH!$A$2:$A$766,DREAMH!$A$2:$A$766,0))="Người chuyển giới (TG)"))} -> 0 | I32: {=SUMPRODUCT((DREAMH!$D$2:$D$766="Liên minh hạnh phúc")*((DREAMH!$B$2:$B$766="F7. Phiếu tư vấn lần 1")+(DREAMH!$B$2:$B$766="F8. Phiếu tư vấn (từ lần 2)"))*(INDEX(DREAMH!$K$2:$K$766,MATCH(DREAMH!$A$2:$A$766,DREAMH!$A$2:$A$766,0))="Người bán dâm (SW)"))} -> 0 | J32: {=SUMPRODUCT((DREAMH!$D$2:$D$766="Liên minh hạnh phúc")*((DREAMH!$B$2:$B$766="F7. Phiếu tư vấn lần 1")+(DREAMH!$B$2:$B$766="F8. Phiếu tư vấn (từ lần 2)"))*(INDEX(DREAMH!$K$2:$K$766,MATCH(DREAMH!$A$2:$A$766,DREAMH!$A$2:$A$766,0))="Nam quan hệ tình dục đồng giới (MSM)"))} -> 0 | K32: x | L32: x | M32: x | N32: x
B33: 2 | C33: Số KH được tư vấn cá nhân, trong đó: | E33: {=SUMPRODUCT((DREAMH!$D$2:$D$766="Liên minh hạnh phúc")*(DREAMH!$B$2:$B$766="F7. Phiếu tư vấn lần 1"))} -> 0 | F33: {=SUMPRODUCT((DREAMH!$D$2:$D$766="Liên minh hạnh phúc")*(DREAMH!$B$2:$B$766="F7. Phiếu tư vấn lần 1")*(INDEX(DREAMH!$K$2:$K$766,MATCH(DREAMH!$A$2:$A$766,DREAMH!$A$2:$A$766,0))="Người sử dụng ma túy (PUD)"))} -> 0 | G33: {=SUMPRODUCT((DREAMH!$D$2:$D$766="Liên minh hạnh phúc")*(DREAMH!$B$2:$B$766="F7. Phiếu tư vấn lần 1")*(INDEX(DREAMH!$K$2:$K$766,MATCH(DREAMH!$A$2:$A$766,DREAMH!$A$2:$A$766,0))="Người sống chung với HIV (PLHIV)"))} -> 0 | H33: {=SUMPRODUCT((DREAMH!$D$2:$D$766="Liên minh hạnh phúc")*(DREAMH!$B$2:$B$766="F7. Phiếu tư vấn lần 1")*(INDEX(DREAMH!$K$2:$K$766,MATCH(DREAMH!$A$2:$A$766,DREAMH!$A$2:$A$766,0))="Người chuyển giới (TG)"))} -> 0 | I33: {=SUMPRODUCT((DREAMH!$D$2:$D$766="Liên minh hạnh phúc")*(DREAMH!$B$2:$B$766="F7. Phiếu tư vấn lần 1")*(INDEX(DREAMH!$K$2:$K$766,MATCH(DREAMH!$A$2:$A$766,DREAMH!$A$2:$A$766,0))="Người bán dâm (SW)"))} -> 0 | J33: {=SUMPRODUCT((DREAMH!$D$2:$D$766="Liên minh hạnh phúc")*(DREAMH!$B$2:$B$766="F7. Phiếu tư vấn lần 1")*(INDEX(DREAMH!$K$2:$K$766,MATCH(DREAMH!$A$2:$A$766,DREAMH!$A$2:$A$766,0))="Nam quan hệ tình dục đồng giới (MSM)"))} -> 0 | K33: x | L33: x | M33: x | N33: x
C34: Số KH được tư vấn 1 lần | E34: {=SUMPRODUCT((DREAMH!$D$2:$D$766="Liên minh hạnh phúc")*(DREAMH!$B$2:$B$766="F7. Phiếu tư vấn lần 1")*(COUNTIFS(DREAMH!$A$2:$A$766, DREAMH!$A$2:$A$766, DREAMH!$B$2:$B$766, "F8. Phiếu tư vấn (từ lần 2)")=0))} -> 0 | F34: {=SUMPRODUCT((DREAMH!$D$2:$D$766="Liên minh hạnh phúc")*(DREAMH!$B$2:$B$766="F7. Phiếu tư vấn lần 1")*(COUNTIFS(DREAMH!$A$2:$A$766, DREAMH!$A$2:$A$766, DREAMH!$B$2:$B$766, "F8. Phiếu tư vấn (từ lần 2)")=0)*(INDEX(DREAMH!$K$2:$K$766,MATCH(DREAMH!$A$2:$A$766,DREAMH!$A$2:$A$766,0))="Người sử dụng ma túy (PUD)"))} -> 0 | G34: {=SUMPRODUCT((DREAMH!$D$2:$D$766="Liên minh hạnh phúc")*(DREAMH!$B$2:$B$766="F7. Phiếu tư vấn lần 1")*(COUNTIFS(DREAMH!$A$2:$A$766, DREAMH!$A$2:$A$766, DREAMH!$B$2:$B$766, "F8. Phiếu tư vấn (từ lần 2)")=0)*(INDEX(DREAMH!$K$2:$K$766,MATCH(DREAMH!$A$2:$A$766,DREAMH!$A$2:$A$766,0))="Người sống chung với HIV (PLHIV)"))} -> 0 | H34: {=SUMPRODUCT((DREAMH!$D$2:$D$766="Liên minh hạnh phúc")*(DREAMH!$B$2:$B$766="F7. Phiếu tư vấn lần 1")*(COUNTIFS(DREAMH!$A$2:$A$766, DREAMH!$A$2:$A$766, DREAMH!$B$2:$B$766, "F8. Phiếu tư vấn (từ lần 2)")=0)*(INDEX(DREAMH!$K$2:$K$766,MATCH(DREAMH!$A$2:$A$766,DREAMH!$A$2:$A$766,0))="Người chuyển giới (TG)"))} -> 0 | I34: {=SUMPRODUCT((DREAMH!$D$2:$D$766="Liên minh hạnh phúc")*(DREAMH!$B$2:$B$766="F7. Phiếu tư vấn lần 1")*(COUNTIFS(DREAMH!$A$2:$A$766, DREAMH!$A$2:$A$766, DREAMH!$B$2:$B$766, "F8. Phiếu tư vấn (từ lần 2)")=0)*(INDEX(DREAMH!$K$2:$K$766,MATCH(DREAMH!$A$2:$A$766,DREAMH!$A$2:$A$766,0))="Người bán dâm (SW)"))} -> 0 | J34: {=SUMPRODUCT((DREAMH!$D$2:$D$766="Liên minh hạnh phúc")*(DREAMH!$B$2:$B$766="F7. Phiếu tư vấn lần 1")*(COUNTIFS(DREAMH!$A$2:$A$766, DREAMH!$A$2:$A$766, DREAMH!$B$2:$B$766, "F8. Phiếu tư vấn (từ lần 2)")=0)*(INDEX(DREAMH!$K$2:$K$766,MATCH(DREAMH!$A$2:$A$766,DREAMH!$A$2:$A$766,0))="Nam quan hệ tình dục đồng giới (MSM)"))} -> 0 | L34: x | M34: x | N34: x
C35: Số KH được tư vấn 2 lần | E35: {=SUMPRODUCT((DREAMH!$D$2:$D$766="Liên minh hạnh phúc")*(DREAMH!$B$2:$B$766="F8. Phiếu tư vấn (từ lần 2)")*(COUNTIFS(DREAMH!$A$2:$A$766, DREAMH!$A$2:$A$766, DREAMH!$B$2:$B$766, "F8. Phiếu tư vấn (từ lần 2)")=1))} -> 0 | F35: {=SUMPRODUCT((DREAMH!$D$2:$D$766="Liên minh hạnh phúc")*(DREAMH!$B$2:$B$766="F8. Phiếu tư vấn (từ lần 2)")*(COUNTIFS(DREAMH!$A$2:$A$766, DREAMH!$A$2:$A$766, DREAMH!$B$2:$B$766, "F8. Phiếu tư vấn (từ lần 2)")=1)*(INDEX(DREAMH!$K$2:$K$766,MATCH(DREAMH!$A$2:$A$766,DREAMH!$A$2:$A$766,0))="Người sử dụng ma túy (PUD)"))} -> 0 | G35: {=SUMPRODUCT((DREAMH!$D$2:$D$766="Liên minh hạnh phúc")*(DREAMH!$B$2:$B$766="F8. Phiếu tư vấn (từ lần 2)")*(COUNTIFS(DREAMH!$A$2:$A$766, DREAMH!$A$2:$A$766, DREAMH!$B$2:$B$766, "F8. Phiếu tư vấn (từ lần 2)")=1)*(INDEX(DREAMH!$K$2:$K$766,MATCH(DREAMH!$A$2:$A$766,DREAMH!$A$2:$A$766,0))="Người sống chung với HIV (PLHIV)"))} -> 0 | H35: {=SUMPRODUCT((DREAMH!$D$2:$D$766="Liên minh hạnh phúc")*(DREAMH!$B$2:$B$766="F8. Phiếu tư vấn (từ lần 2)")*(COUNTIFS(DREAMH!$A$2:$A$766, DREAMH!$A$2:$A$766, DREAMH!$B$2:$B$766, "F8. Phiếu tư vấn (từ lần 2)")=1)*(INDEX(DREAMH!$K$2:$K$766,MATCH(DREAMH!$A$2:$A$766,DREAMH!$A$2:$A$766,0))="Người chuyển giới (TG)"))} -> 0 | I35: {=SUMPRODUCT((DREAMH!$D$2:$D$766="Liên minh hạnh phúc")*(DREAMH!$B$2:$B$766="F8. Phiếu tư vấn (từ lần 2)")*(COUNTIFS(DREAMH!$A$2:$A$766, DREAMH!$A$2:$A$766, DREAMH!$B$2:$B$766, "F8. Phiếu tư vấn (từ lần 2)")=1)*(INDEX(DREAMH!$K$2:$K$766,MATCH(DREAMH!$A$2:$A$766,DREAMH!$A$2:$A$766,0))="Người bán dâm (SW)"))} -> 0 | J35: {=SUMPRODUCT((DREAMH!$D$2:$D$766="Liên minh hạnh phúc")*(DREAMH!$B$2:$B$766="F8. Phiếu tư vấn (từ lần 2)")*(COUNTIFS(DREAMH!$A$2:$A$766, DREAMH!$A$2:$A$766, DREAMH!$B$2:$B$766, "F8. Phiếu tư vấn (từ lần 2)")=1)*(INDEX(DREAMH!$K$2:$K$766,MATCH(DREAMH!$A$2:$A$766,DREAMH!$A$2:$A$766,0))="Nam quan hệ tình dục đồng giới (MSM)"))} -> 0 | L35: x | M35: x | N35: x
C36: Số KH được tư vấn từ 3 lần trở lên | E36: {=SUMPRODUCT((DREAMH!$D$2:$D$766="Liên minh hạnh phúc")*(DREAMH!$B$2:$B$766="F8. Phiếu tư vấn (từ lần 2)")*(COUNTIFS(DREAMH!$A$2:$A$766, DREAMH!$A$2:$A$766, DREAMH!$B$2:$B$766, "F8. Phiếu tư vấn (từ lần 2)")>=2) / (COUNTIFS(DREAMH!$A$2:$A$766, DREAMH!$A$2:$A$766, DREAMH!$B$2:$B$766, "F8. Phiếu tư vấn (từ lần 2)") + (COUNTIFS(DREAMH!$A$2:$A$766, DREAMH!$A$2:$A$766, DREAMH!$B$2:$B$766, "F8. Phiếu tư vấn (từ lần 2)")=0)))} -> 0 | F36: {=SUMPRODUCT((DREAMH!$D$2:$D$766="Liên minh hạnh phúc")*(DREAMH!$B$2:$B$766="F8. Phiếu tư vấn (từ lần 2)")*(COUNTIFS(DREAMH!$A$2:$A$766, DREAMH!$A$2:$A$766, DREAMH!$B$2:$B$766, "F8. Phiếu tư vấn (từ lần 2)")>=2)*(INDEX(DREAMH!$K$2:$K$766,MATCH(DREAMH!$A$2:$A$766,DREAMH!$A$2:$A$766,0))="Người sử dụng ma túy (PUD)") / (COUNTIFS(DREAMH!$A$2:$A$766, DREAMH!$A$2:$A$766, DREAMH!$B$2:$B$766, "F8. Phiếu tư vấn (từ lần 2)") + (COUNTIFS(DREAMH!$A$2:$A$766, DREAMH!$A$2:$A$766, DREAMH!$B$2:$B$766, "F8. Phiếu tư vấn (từ lần 2)")=0)))} -> 0 | G36: {=SUMPRODUCT((DREAMH!$D$2:$D$766="Liên minh hạnh phúc")*(DREAMH!$B$2:$B$766="F8. Phiếu tư vấn (từ lần 2)")*(COUNTIFS(DREAMH!$A$2:$A$766, DREAMH!$A$2:$A$766, DREAMH!$B$2:$B$766, "F8. Phiếu tư vấn (từ lần 2)")>=2)*(INDEX(DREAMH!$K$2:$K$766,MATCH(DREAMH!$A$2:$A$766,DREAMH!$A$2:$A$766,0))="Người sống chung với HIV (PLHIV)") / (COUNTIFS(DREAMH!$A$2:$A$766, DREAMH!$A$2:$A$766, DREAMH!$B$2:$B$766, "F8. Phiếu tư vấn (từ lần 2)") + (COUNTIFS(DREAMH!$A$2:$A$766, DREAMH!$A$2:$A$766, DREAMH!$B$2:$B$766, "F8. Phiếu tư vấn (từ lần 2)")=0)))} -> 0 | H36: {=SUMPRODUCT((DREAMH!$D$2:$D$766="Liên minh hạnh phúc")*(DREAMH!$B$2:$B$766="F8. Phiếu tư vấn (từ lần 2)")*(COUNTIFS(DREAMH!$A$2:$A$766, DREAMH!$A$2:$A$766, DREAMH!$B$2:$B$766, "F8. Phiếu tư vấn (từ lần 2)")>=2)*(INDEX(DREAMH!$K$2:$K$766,MATCH(DREAMH!$A$2:$A$766,DREAMH!$A$2:$A$766,0))="Người chuyển giới (TG)") / (COUNTIFS(DREAMH!$A$2:$A$766, DREAMH!$A$2:$A$766, DREAMH!$B$2:$B$766, "F8. Phiếu tư vấn (từ lần 2)") + (COUNTIFS(DREAMH!$A$2:$A$766, DREAMH!$A$2:$A$766, DREAMH!$B$2:$B$766, "F8. Phiếu tư vấn (từ lần 2)")=0)))} -> 0 | I36: {=SUMPRODUCT((DREAMH!$D$2:$D$766="Liên minh hạnh phúc")*(DREAMH!$B$2:$B$766="F8. Phiếu tư vấn (từ lần 2)")*(COUNTIFS(DREAMH!$A$2:$A$766, DREAMH!$A$2:$A$766, DREAMH!$B$2:$B$766, "F8. Phiếu tư vấn (từ lần 2)")>=2)*(INDEX(DREAMH!$K$2:$K$766,MATCH(DREAMH!$A$2:$A$766,DREAMH!$A$2:$A$766,0))="Người bán dâm (SW)") / (COUNTIFS(DREAMH!$A$2:$A$766, DREAMH!$A$2:$A$766, DREAMH!$B$2:$B$766, "F8. Phiếu tư vấn (từ lần 2)") + (COUNTIFS(DREAMH!$A$2:$A$766, DREAMH!$A$2:$A$766, DREAMH!$B$2:$B$766, "F8. Phiếu tư vấn (từ lần 2)")=0)))} -> 0 | J36: {=SUMPRODUCT((DREAMH!$D$2:$D$766="Liên minh hạnh phúc")*(DREAMH!$B$2:$B$766="F8. Phiếu tư vấn (từ lần 2)")*(COUNTIFS(DREAMH!$A$2:$A$766, DREAMH!$A$2:$A$766, DREAMH!$B$2:$B$766, "F8. Phiếu tư vấn (từ lần 2)")>=2)*(INDEX(DREAMH!$K$2:$K$766,MATCH(DREAMH!$A$2:$A$766,DREAMH!$A$2:$A$766,0))="Nam quan hệ tình dục đồng giới (MSM)") / (COUNTIFS(DREAMH!$A$2:$A$766, DREAMH!$A$2:$A$766, DREAMH!$B$2:$B$766, "F8. Phiếu tư vấn (từ lần 2)") + (COUNTIFS(DREAMH!$A$2:$A$766, DREAMH!$A$2:$A$766, DREAMH!$B$2:$B$766, "F8. Phiếu tư vấn (từ lần 2)")=0)))} -> 0 | L36: x | M36: x | N36: x
B37: 3 | C37: Số lượt KH được tham gia sinh hoạt nhóm | E37: {=SUMPRODUCT((DREAMH!$D$2:$D$766="Liên minh hạnh phúc")*(DREAMH!$B$2:$B$766="F2. Truyền thông, sinh hoạt nhóm, vòng tròn chia sẻ, trị liệu nghệ thuật")*(DREAMH!$AA$2:$AA$766="Sinh hoạt nhóm"))} -> 0 | F37: {=SUMPRODUCT((DREAMH!$D$2:$D$766="Liên minh hạnh phúc")*(DREAMH!$B$2:$B$766="F2. Truyền thông, sinh hoạt nhóm, vòng tròn chia sẻ, trị liệu nghệ thuật")*(DREAMH!$AA$2:$AA$766="Sinh hoạt nhóm")*(INDEX(DREAMH!$K$2:$K$766,MATCH(DREAMH!$A$2:$A$766,DREAMH!$A$2:$A$766,0))="Người sử dụng ma túy (PUD)"))} -> 0 | G37: {=SUMPRODUCT((DREAMH!$D$2:$D$766="Liên minh hạnh phúc")*(DREAMH!$B$2:$B$766="F2. Truyền thông, sinh hoạt nhóm, vòng tròn chia sẻ, trị liệu nghệ thuật")*(DREAMH!$AA$2:$AA$766="Sinh hoạt nhóm")*(INDEX(DREAMH!$K$2:$K$766,MATCH(DREAMH!$A$2:$A$766,DREAMH!$A$2:$A$766,0))="Người sống chung với HIV (PLHIV)"))} -> 0 | H37: {=SUMPRODUCT((DREAMH!$D$2:$D$766="Liên minh hạnh phúc")*(DREAMH!$B$2:$B$766="F2. Truyền thông, sinh hoạt nhóm, vòng tròn chia sẻ, trị liệu nghệ thuật")*(DREAMH!$AA$2:$AA$766="Sinh hoạt nhóm")*(INDEX(DREAMH!$K$2:$K$766,MATCH(DREAMH!$A$2:$A$766,DREAMH!$A$2:$A$766,0))="Người chuyển giới (TG)"))} -> 0 | I37: {=SUMPRODUCT((DREAMH!$D$2:$D$766="Liên minh hạnh phúc")*(DREAMH!$B$2:$B$766="F2. Truyền thông, sinh hoạt nhóm, vòng tròn chia sẻ, trị liệu nghệ thuật")*(DREAMH!$AA$2:$AA$766="Sinh hoạt nhóm")*(INDEX(DREAMH!$K$2:$K$766,MATCH(DREAMH!$A$2:$A$766,DREAMH!$A$2:$A$766,0))="Người bán dâm (SW)"))} -> 0 | J37: {=SUMPRODUCT((DREAMH!$D$2:$D$766="Liên minh hạnh phúc")*(DREAMH!$B$2:$B$766="F2. Truyền thông, sinh hoạt nhóm, vòng tròn chia sẻ, trị liệu nghệ thuật")*(DREAMH!$AA$2:$AA$766="Sinh hoạt nhóm")*(INDEX(DREAMH!$K$2:$K$766,MATCH(DREAMH!$A$2:$A$766,DREAMH!$A$2:$A$766,0))="Nam quan hệ tình dục đồng giới (MSM)"))} -> 0 | K37: x | L37: x | M37: x | N37: x | O37: Dữ liệu từ biểu mẫu sinh hoạt nhóm và can thiệp chữa lành | P37: Tổng số lượt trong tháng (dễ nhìn check báo cáo và thánh quyết toán)
B38: 4 | C38: Số KH được tham gia sinh hoạt nhóm | E38: {=SUMPRODUCT(((DREAMH!$D$2:$D$766="Liên minh hạnh phúc")*(DREAMH!$B$2:$B$766="F2. Truyền thông, sinh hoạt nhóm, vòng tròn chia sẻ, trị liệu nghệ thuật")*(DREAMH!$AA$2:$AA$766="Sinh hoạt nhóm"))/(COUNTIFS(DREAMH!$A$2:$A$766,DREAMH!$A$2:$A$766,DREAMH!$B$2:$B$766,"F2. Truyền thông, sinh hoạt nhóm, vòng tròn chia sẻ, trị liệu nghệ thuật",DREAMH!$AA$2:$AA$766,"Sinh hoạt nhóm")+(COUNTIFS(DREAMH!$A$2:$A$766,DREAMH!$A$2:$A$766,DREAMH!$B$2:$B$766,"F2. Truyền thông, sinh hoạt nhóm, vòng tròn chia sẻ, trị liệu nghệ thuật",DREAMH!$AA$2:$AA$766,"Sinh hoạt nhóm")=0)))} -> 0 | F38: {=SUMPRODUCT(((DREAMH!$D$2:$D$766="Liên minh hạnh phúc")*(DREAMH!$B$2:$B$766="F2. Truyền thông, sinh hoạt nhóm, vòng tròn chia sẻ, trị liệu nghệ thuật")*(DREAMH!$AA$2:$AA$766="Sinh hoạt nhóm"))*(INDEX(DREAMH!$K$2:$K$766,MATCH(DREAMH!$A$2:$A$766,DREAMH!$A$2:$A$766,0))="Người sử dụng ma túy (PUD)")/(COUNTIFS(DREAMH!$A$2:$A$766,DREAMH!$A$2:$A$766,DREAMH!$B$2:$B$766,"F2. Truyền thông, sinh hoạt nhóm, vòng tròn chia sẻ, trị liệu nghệ thuật",DREAMH!$AA$2:$AA$766,"Sinh hoạt nhóm")+(COUNTIFS(DREAMH!$A$2:$A$766,DREAMH!$A$2:$A$766,DREAMH!$B$2:$B$766,"F2. Truyền thông, sinh hoạt nhóm, vòng tròn chia sẻ, trị liệu nghệ thuật",DREAMH!$AA$2:$AA$766,"Sinh hoạt nhóm")=0)))} -> 0 | G38: {=SUMPRODUCT(((DREAMH!$D$2:$D$766="Liên minh hạnh phúc")*(DREAMH!$B$2:$B$766="F2. Truyền thông, sinh hoạt nhóm, vòng tròn chia sẻ, trị liệu nghệ thuật")*(DREAMH!$AA$2:$AA$766="Sinh hoạt nhóm"))*(INDEX(DREAMH!$K$2:$K$766,MATCH(DREAMH!$A$2:$A$766,DREAMH!$A$2:$A$766,0))="Người sống chung với HIV (PLHIV)")/(COUNTIFS(DREAMH!$A$2:$A$766,DREAMH!$A$2:$A$766,DREAMH!$B$2:$B$766,"F2. Truyền thông, sinh hoạt nhóm, vòng tròn chia sẻ, trị liệu nghệ thuật",DREAMH!$AA$2:$AA$766,"Sinh hoạt nhóm")+(COUNTIFS(DREAMH!$A$2:$A$766,DREAMH!$A$2:$A$766,DREAMH!$B$2:$B$766,"F2. Truyền thông, sinh hoạt nhóm, vòng tròn chia sẻ, trị liệu nghệ thuật",DREAMH!$AA$2:$AA$766,"Sinh hoạt nhóm")=0)))} -> 0 | H38: {=SUMPRODUCT(((DREAMH!$D$2:$D$766="Liên minh hạnh phúc")*(DREAMH!$B$2:$B$766="F2. Truyền thông, sinh hoạt nhóm, vòng tròn chia sẻ, trị liệu nghệ thuật")*(DREAMH!$AA$2:$AA$766="Sinh hoạt nhóm"))*(INDEX(DREAMH!$K$2:$K$766,MATCH(DREAMH!$A$2:$A$766,DREAMH!$A$2:$A$766,0))="Người chuyển giới (TG)")/(COUNTIFS(DREAMH!$A$2:$A$766,DREAMH!$A$2:$A$766,DREAMH!$B$2:$B$766,"F2. Truyền thông, sinh hoạt nhóm, vòng tròn chia sẻ, trị liệu nghệ thuật",DREAMH!$AA$2:$AA$766,"Sinh hoạt nhóm")+(COUNTIFS(DREAMH!$A$2:$A$766,DREAMH!$A$2:$A$766,DREAMH!$B$2:$B$766,"F2. Truyền thông, sinh hoạt nhóm, vòng tròn chia sẻ, trị liệu nghệ thuật",DREAMH!$AA$2:$AA$766,"Sinh hoạt nhóm")=0)))} -> 0 | I38: {=SUMPRODUCT(((DREAMH!$D$2:$D$766="Liên minh hạnh phúc")*(DREAMH!$B$2:$B$766="F2. Truyền thông, sinh hoạt nhóm, vòng tròn chia sẻ, trị liệu nghệ thuật")*(DREAMH!$AA$2:$AA$766="Sinh hoạt nhóm"))*(INDEX(DREAMH!$K$2:$K$766,MATCH(DREAMH!$A$2:$A$766,DREAMH!$A$2:$A$766,0))="Người bán dâm (SW)")/(COUNTIFS(DREAMH!$A$2:$A$766,DREAMH!$A$2:$A$766,DREAMH!$B$2:$B$766,"F2. Truyền thông, sinh hoạt nhóm, vòng tròn chia sẻ, trị liệu nghệ thuật",DREAMH!$AA$2:$AA$766,"Sinh hoạt nhóm")+(COUNTIFS(DREAMH!$A$2:$A$766,DREAMH!$A$2:$A$766,DREAMH!$B$2:$B$766,"F2. Truyền thông, sinh hoạt nhóm, vòng tròn chia sẻ, trị liệu nghệ thuật",DREAMH!$AA$2:$AA$766,"Sinh hoạt nhóm")=0)))} -> 0 | J38: {=SUMPRODUCT(((DREAMH!$D$2:$D$766="Liên minh hạnh phúc")*(DREAMH!$B$2:$B$766="F2. Truyền thông, sinh hoạt nhóm, vòng tròn chia sẻ, trị liệu nghệ thuật")*(DREAMH!$AA$2:$AA$766="Sinh hoạt nhóm"))*(INDEX(DREAMH!$K$2:$K$766,MATCH(DREAMH!$A$2:$A$766,DREAMH!$A$2:$A$766,0))="Nam quan hệ tình dục đồng giới (MSM)")/(COUNTIFS(DREAMH!$A$2:$A$766,DREAMH!$A$2:$A$766,DREAMH!$B$2:$B$766,"F2. Truyền thông, sinh hoạt nhóm, vòng tròn chia sẻ, trị liệu nghệ thuật",DREAMH!$AA$2:$AA$766,"Sinh hoạt nhóm")+(COUNTIFS(DREAMH!$A$2:$A$766,DREAMH!$A$2:$A$766,DREAMH!$B$2:$B$766,"F2. Truyền thông, sinh hoạt nhóm, vòng tròn chia sẻ, trị liệu nghệ thuật",DREAMH!$AA$2:$AA$766,"Sinh hoạt nhóm")=0)))} -> 0 | K38: x | L38: x | M38: x | N38: x
B39: 5 | C39: Số lượt KH được tham gia can thiệp chữa lành | E39: {=SUMPRODUCT((DREAMH!$D$2:$D$766="Liên minh hạnh phúc")*(DREAMH!$B$2:$B$766="F2. Truyền thông, sinh hoạt nhóm, vòng tròn chia sẻ, trị liệu nghệ thuật")*(DREAMH!$AA$2:$AA$766="Can thiệp chữa lành"))} -> 0 | F39: {=SUMPRODUCT((DREAMH!$D$2:$D$766="Liên minh hạnh phúc")*(DREAMH!$B$2:$B$766="F2. Truyền thông, sinh hoạt nhóm, vòng tròn chia sẻ, trị liệu nghệ thuật")*(DREAMH!$AA$2:$AA$766="Can thiệp chữa lành")*(INDEX(DREAMH!$K$2:$K$766,MATCH(DREAMH!$A$2:$A$766,DREAMH!$A$2:$A$766,0))="Người sử dụng ma túy (PUD)"))} -> 0 | G39: {=SUMPRODUCT((DREAMH!$D$2:$D$766="Liên minh hạnh phúc")*(DREAMH!$B$2:$B$766="F2. Truyền thông, sinh hoạt nhóm, vòng tròn chia sẻ, trị liệu nghệ thuật")*(DREAMH!$AA$2:$AA$766="Can thiệp chữa lành")*(INDEX(DREAMH!$K$2:$K$766,MATCH(DREAMH!$A$2:$A$766,DREAMH!$A$2:$A$766,0))="Người sống chung với HIV (PLHIV)"))} -> 0 | H39: {=SUMPRODUCT((DREAMH!$D$2:$D$766="Liên minh hạnh phúc")*(DREAMH!$B$2:$B$766="F2. Truyền thông, sinh hoạt nhóm, vòng tròn chia sẻ, trị liệu nghệ thuật")*(DREAMH!$AA$2:$AA$766="Can thiệp chữa lành")*(INDEX(DREAMH!$K$2:$K$766,MATCH(DREAMH!$A$2:$A$766,DREAMH!$A$2:$A$766,0))="Người chuyển giới (TG)"))} -> 0 | I39: {=SUMPRODUCT((DREAMH!$D$2:$D$766="Liên minh hạnh phúc")*(DREAMH!$B$2:$B$766="F2. Truyền thông, sinh hoạt nhóm, vòng tròn chia sẻ, trị liệu nghệ thuật")*(DREAMH!$AA$2:$AA$766="Can thiệp chữa lành")*(INDEX(DREAMH!$K$2:$K$766,MATCH(DREAMH!$A$2:$A$766,DREAMH!$A$2:$A$766,0))="Người bán dâm (SW)"))} -> 0 | J39: {=SUMPRODUCT((DREAMH!$D$2:$D$766="Liên minh hạnh phúc")*(DREAMH!$B$2:$B$766="F2. Truyền thông, sinh hoạt nhóm, vòng tròn chia sẻ, trị liệu nghệ thuật")*(DREAMH!$AA$2:$AA$766="Can thiệp chữa lành")*(INDEX(DREAMH!$K$2:$K$766,MATCH(DREAMH!$A$2:$A$766,DREAMH!$A$2:$A$766,0))="Nam quan hệ tình dục đồng giới (MSM)"))} -> 0 | K39: x | L39: x | M39: x | N39: x
B40: 6 | C40: Số KH được tham gia can thiệp chữa lành | E40: {=SUMPRODUCT(((DREAMH!$D$2:$D$766="Liên minh hạnh phúc")*(DREAMH!$B$2:$B$766="F2. Truyền thông, sinh hoạt nhóm, vòng tròn chia sẻ, trị liệu nghệ thuật")*(DREAMH!$AA$2:$AA$766="Can thiệp chữa lành"))/(COUNTIFS(DREAMH!$A$2:$A$766,DREAMH!$A$2:$A$766,DREAMH!$B$2:$B$766,"F2. Truyền thông, sinh hoạt nhóm, vòng tròn chia sẻ, trị liệu nghệ thuật",DREAMH!$AA$2:$AA$766,"Can thiệp chữa lành")+(COUNTIFS(DREAMH!$A$2:$A$766,DREAMH!$A$2:$A$766,DREAMH!$B$2:$B$766,"F2. Truyền thông, sinh hoạt nhóm, vòng tròn chia sẻ, trị liệu nghệ thuật",DREAMH!$AA$2:$AA$766,"Can thiệp chữa lành")=0)))} -> 0 | F40: {=SUMPRODUCT(((DREAMH!$D$2:$D$766="Liên minh hạnh phúc")*(DREAMH!$B$2:$B$766="F2. Truyền thông, sinh hoạt nhóm, vòng tròn chia sẻ, trị liệu nghệ thuật")*(DREAMH!$AA$2:$AA$766="Can thiệp chữa lành"))*(INDEX(DREAMH!$K$2:$K$766,MATCH(DREAMH!$A$2:$A$766,DREAMH!$A$2:$A$766,0))="Người sử dụng ma túy (PUD)")/(COUNTIFS(DREAMH!$A$2:$A$766,DREAMH!$A$2:$A$766,DREAMH!$B$2:$B$766,"F2. Truyền thông, sinh hoạt nhóm, vòng tròn chia sẻ, trị liệu nghệ thuật",DREAMH!$AA$2:$AA$766,"Can thiệp chữa lành")+(COUNTIFS(DREAMH!$A$2:$A$766,DREAMH!$A$2:$A$766,DREAMH!$B$2:$B$766,"F2. Truyền thông, sinh hoạt nhóm, vòng tròn chia sẻ, trị liệu nghệ thuật",DREAMH!$AA$2:$AA$766,"Can thiệp chữa lành")=0)))} -> 0 | G40: {=SUMPRODUCT(((DREAMH!$D$2:$D$766="Liên minh hạnh phúc")*(DREAMH!$B$2:$B$766="F2. Truyền thông, sinh hoạt nhóm, vòng tròn chia sẻ, trị liệu nghệ thuật")*(DREAMH!$AA$2:$AA$766="Can thiệp chữa lành"))*(INDEX(DREAMH!$K$2:$K$766,MATCH(DREAMH!$A$2:$A$766,DREAMH!$A$2:$A$766,0))="Người sống chung với HIV (PLHIV)")/(COUNTIFS(DREAMH!$A$2:$A$766,DREAMH!$A$2:$A$766,DREAMH!$B$2:$B$766,"F2. Truyền thông, sinh hoạt nhóm, vòng tròn chia sẻ, trị liệu nghệ thuật",DREAMH!$AA$2:$AA$766,"Can thiệp chữa lành")+(COUNTIFS(DREAMH!$A$2:$A$766,DREAMH!$A$2:$A$766,DREAMH!$B$2:$B$766,"F2. Truyền thông, sinh hoạt nhóm, vòng tròn chia sẻ, trị liệu nghệ thuật",DREAMH!$AA$2:$AA$766,"Can thiệp chữa lành")=0)))} -> 0 | H40: {=SUMPRODUCT(((DREAMH!$D$2:$D$766="Liên minh hạnh phúc")*(DREAMH!$B$2:$B$766="F2. Truyền thông, sinh hoạt nhóm, vòng tròn chia sẻ, trị liệu nghệ thuật")*(DREAMH!$AA$2:$AA$766="Can thiệp chữa lành"))*(INDEX(DREAMH!$K$2:$K$766,MATCH(DREAMH!$A$2:$A$766,DREAMH!$A$2:$A$766,0))="Người chuyển giới (TG)")/(COUNTIFS(DREAMH!$A$2:$A$766,DREAMH!$A$2:$A$766,DREAMH!$B$2:$B$766,"F2. Truyền thông, sinh hoạt nhóm, vòng tròn chia sẻ, trị liệu nghệ thuật",DREAMH!$AA$2:$AA$766,"Can thiệp chữa lành")+(COUNTIFS(DREAMH!$A$2:$A$766,DREAMH!$A$2:$A$766,DREAMH!$B$2:$B$766,"F2. Truyền thông, sinh hoạt nhóm, vòng tròn chia sẻ, trị liệu nghệ thuật",DREAMH!$AA$2:$AA$766,"Can thiệp chữa lành")=0)))} -> 0 | I40: {=SUMPRODUCT(((DREAMH!$D$2:$D$766="Liên minh hạnh phúc")*(DREAMH!$B$2:$B$766="F2. Truyền thông, sinh hoạt nhóm, vòng tròn chia sẻ, trị liệu nghệ thuật")*(DREAMH!$AA$2:$AA$766="Can thiệp chữa lành"))*(INDEX(DREAMH!$K$2:$K$766,MATCH(DREAMH!$A$2:$A$766,DREAMH!$A$2:$A$766,0))="Người bán dâm (SW)")/(COUNTIFS(DREAMH!$A$2:$A$766,DREAMH!$A$2:$A$766,DREAMH!$B$2:$B$766,"F2. Truyền thông, sinh hoạt nhóm, vòng tròn chia sẻ, trị liệu nghệ thuật",DREAMH!$AA$2:$AA$766,"Can thiệp chữa lành")+(COUNTIFS(DREAMH!$A$2:$A$766,DREAMH!$A$2:$A$766,DREAMH!$B$2:$B$766,"F2. Truyền thông, sinh hoạt nhóm, vòng tròn chia sẻ, trị liệu nghệ thuật",DREAMH!$AA$2:$AA$766,"Can thiệp chữa lành")=0)))} -> 0 | J40: {=SUMPRODUCT(((DREAMH!$D$2:$D$766="Liên minh hạnh phúc")*(DREAMH!$B$2:$B$766="F2. Truyền thông, sinh hoạt nhóm, vòng tròn chia sẻ, trị liệu nghệ thuật")*(DREAMH!$AA$2:$AA$766="Can thiệp chữa lành"))*(INDEX(DREAMH!$K$2:$K$766,MATCH(DREAMH!$A$2:$A$766,DREAMH!$A$2:$A$766,0))="Nam quan hệ tình dục đồng giới (MSM)")/(COUNTIFS(DREAMH!$A$2:$A$766,DREAMH!$A$2:$A$766,DREAMH!$B$2:$B$766,"F2. Truyền thông, sinh hoạt nhóm, vòng tròn chia sẻ, trị liệu nghệ thuật",DREAMH!$AA$2:$AA$766,"Can thiệp chữa lành")+(COUNTIFS(DREAMH!$A$2:$A$766,DREAMH!$A$2:$A$766,DREAMH!$B$2:$B$766,"F2. Truyền thông, sinh hoạt nhóm, vòng tròn chia sẻ, trị liệu nghệ thuật",DREAMH!$AA$2:$AA$766,"Can thiệp chữa lành")=0)))} -> 0 | K40: x | L40: x | M40: x | N40: x
B41: V | C41: CAN THIỆP ONLINE
B42: 1 | C42: Số lượt KH được can thiệp online | K42: x | L42: x | M42: x | N42: x | O42: Chưa thống nhất việc thu thập thông tin và cach can thiệp (ứng dụng intellect) | P42: Chưa có biểu mẫu REDCap tương ứng trong DREAMH (thiếu F1-Tư vấn cá nhân/F4-Can thiệp online/F7-F8). Cần bổ sung instrument để tính tự động.
B43: 2 | C43: Số KH được can thiệp online | K43: x | L43: x | M43: x | N43: x | P43: Chưa có biểu mẫu REDCap tương ứng trong DREAMH (thiếu F1-Tư vấn cá nhân/F4-Can thiệp online/F7-F8). Cần bổ sung instrument để tính tự động.
B44: VI | C44: DỊCH VỤ CHUYỂN GỬI KHÁC
B45: 1 | C45: Số KH được chuyển gửi dịch vụ/xét nghiệm thành công | D45: - PREP | K45: x | L45: x | M45: x | N45: x | O45: Hiện đang chưa có cơ chế hỗ trợ fixed và thu thập dữ liệu cho những chuyển gửi này. Có thu thập những dữ liệu này không? Nếu có, bổ sung biểu mẫu nhập liệu, nếu không thì bỏ dòng này
D46: - PEP | K46: x | L46: x | M46: x | N46: x
D47: - Khám/điều trị STIs | K47: x | L47: x | M47: x | N47: x
D48: - XN/Điều trị Viêm gan B,C | K48: x | L48: x | M48: x | N48: x
D49: - Methadone | K49: x | L49: x | M49: x | N49: x
D50: - Dịch vụ y tế khác | K50: x | L50: x | M50: x | N50: x
B51: VII | C51: PHÁT TÀI LIỆU TRUYỀN THÔNG
B52: 1 | C52: Số quyển tài liệu đã phát | K52: x | L52: x | M52: x | N52: x | O52: Có dữ liệu trong các hoạt động nhóm (truyền thông, sinh hoạt, can thiệp chữa lành). Có bổ sung thêm trường này trong phiếu tư vấn không vì vẫn có thể phát tài liệu trong các buổi tư vấn?
B53: 2 | C53: Số KH nhận tài liệu | K53: x | L53: x | M53: x | N53: x

Sheet DREAMH
A1: Record ID | B1: Repeat Instrument | C1: Repeat Instance | D1: Data Access Group | E1: Ngày tham gia | F1: Khách hàng có tham gia nghiên cứu đầu vào của dự án không? | G1: Mã khách hàng nghiên cứu | H1: A1 - Giới tính hiện tại bạn tự xác định là gì? | I1: A1 - Giới tính khi sinh của bạn là gì? | J1: A3 - Bạn sinh năm bao nhiêu? | K1: A4 - Bạn cảm thấy mình thuộc nhóm nào sau đây? | L1: A5 - Bạn có thuộc nhóm nào khác không? (choice=Không) | M1: A5 - Bạn có thuộc nhóm nào khác không? (choice=Người sử dụng ma túy (PUD)) | N1: A5 - Bạn có thuộc nhóm nào khác không? (choice=Người sống chung với HIV (PLHIV)) | O1: A5 - Bạn có thuộc nhóm nào khác không? (choice=Người chuyển giới (TG)) | P1: A5 - Bạn có thuộc nhóm nào khác không? (choice=Nam quan hệ tình dục đồng giới (MSM)) | Q1: A5 - Bạn có thuộc nhóm nào khác không? (choice=Người bán dâm (SW)) | R1: A6 - Bạn có CCCD/CMND không? | S1: A7 - Bạn có đăng ký cư trú tại thành phố này không? | T1: A8 - Bạn có thẻ bảo hiểm y tế không? | U1: A9 - Trong 6 tháng qua, bạn có từng rơi vào tình trạng vô gia cư không? | V1: A9.1 - Hiện bạn có đang vô gia cư không? | W1: A10 - Trong 6 tháng qua, bạn có từng bị tạm giữ qua đêm không? | X1: A11 - Tình trạng hôn nhân hiện tại của bạn như thế nào? | Y1: A12 - Bạn có bao nhiêu người con? (bao gồm cả con nuôi) | Z1: Complete? | AA1: DỊCH VỤ CUNG CẤP | AB1: Ngày thực hiện | AC1: Người điều hành: | AD1: Người điều hành:_1 | AE1: Người điều hành:_2 | AF1: Địa điểm | AG1: Ngoài cộng đồng (ghi rõ) | AH1: Khác (ghi rõ) | AI1: Chủ đề (điền đúng chủ đề theo nội dung tài liệu) | AJ1: Phát tài liệu truyền thông? (đơn vị: quyển- không phát điền số 0) | AK1: Khách hàng có đồng ý tham gia sàng lọc bảng hỏi QST tại buổi sau không? | AL1: Phát bao cao su? (đơn vị: chiếc/cái- không phát điền số 0) | AM1: Phát chất bôi trơn? (đơn vị: chiếc/cái- không phát điền số 0) | AN1: Phát bơm kim tiêm? (đơn vị: chiếc/cái- không phát điền số 0) | AO1: Ghi chú | AP1: Complete?_3 | AQ1: Ngày thực hiện_4 | AR1: Người thực hiện | AS1: Người thực hiện_5 | AT1: Người thực hiện_6 | AU1: Lo lắng tới mức không kiểm soát được | AV1: Cảm thấy buồn chán, mất hết hy vọng | AW1: Gặp những cơn ác mộng lặp lại làm bạn thấy khó chịu không ? | AX1: Suy nghĩ quá nhiều | AY1: Cảm giác bị cô lập xã hội hoặc cô đơn | AZ1: Vấn đề về tim (yếu tim, tim nặng trĩu, tim đập nhanh, hồi hộp) | BA1: 2. Trong 2 tuần qua, bạn có ý nghĩ tự làm hại bản thân không? | BB1: 3. Bạn đã bao giờ Nghe thấy những thứ mà người khác không nghe thấy, như giọng nói chẳng hạn? | BC1: Điểm QST | BD1: Complete?_7 | BE1: 1. Tên tiếp cận viên phụ trách | BF1: 1.1 Thời gian hỗ trợ | BG1: 2. Dịch vụ hỗ trợ (choice=Thẻ bảo hiểm y tế) | BH1: 2. Dịch vụ hỗ trợ (choice=Hỗ trợ chi phí điều trị Methadone) | BI1: 2. Dịch vụ hỗ trợ (choice=Hỗ trợ giấy tờ tùy thân) | BJ1: 2. Dịch vụ hỗ trợ (choice=Hỗ trợ đăng ký cư trú) | BK1: 2. Dịch vụ hỗ trợ (choice=Hỗ trợ tiếp cận trợ cấp xã hội) | BL1: 2. Dịch vụ hỗ trợ (choice=Hỗ trợ việc làm) | BM1: 2. Dịch vụ hỗ trợ (choice=Hỗ trợ giáo dục) | BN1: 2. Dịch vụ hỗ trợ (choice=Hỗ trợ pháp lý) | BO1: 2. Dịch vụ hỗ trợ (choice=Khác) | BP1: 2.1 Dịch vụ khác | BQ1: Complete?_8 | BR1: Ngày hỗ trợ | BS1: Người chuyển gửi | BT1: Hình thức điều trị được chỉ định? | BU1: Khác (ghi rõ)_9 | BV1: Có kê đơn thuốc | BW1: 3.1 Khách hàng có đang tuân thủ điều trị không: | BX1: 3.2.a.1 Uống thuốc đều | BY1: 3.2.a.2 Quên thuốc | BZ1: 3.2.b KH đi khám đúng hẹn? | CA1: 3.2.c KH tham gia tư vấn/hỗ trợ tại nhóm? | CB1: 4. Khó khăn trong tuân thủ? Khách hàng đang gặp khó khăn gì (có thể chọn nhiều): (choice=Tác dụng phụ của thuốc) | CC1: 4. Khó khăn trong tuân thủ? Khách hàng đang gặp khó khăn gì (có thể chọn nhiều): (choice=Thiếu động lực / không muốn điều trị) | CD1: 4. Khó khăn trong tuân thủ? Khách hàng đang gặp khó khăn gì (có thể chọn nhiều): (choice=Khó khăn tài chính) | CE1: 4. Khó khăn trong tuân thủ? Khách hàng đang gặp khó khăn gì (có thể chọn nhiều): (choice=Khó khăn đi lại) | CF1: 4. Khó khăn trong tuân thủ? Khách hàng đang gặp khó khăn gì (có thể chọn nhiều): (choice=Kỳ thị / sợ bị phát hiệ) | CG1: 4. Khó khăn trong tuân thủ? Khách hàng đang gặp khó khăn gì (có thể chọn nhiều): (choice=Quên lịch / quên uống thuốc) | CH1: 4. Khó khăn trong tuân thủ? Khách hàng đang gặp khó khăn gì (có thể chọn nhiều): (choice=Sử dụng chất ảnh hưởng điều trị) | CI1: 4. Khó khăn trong tuân thủ? Khách hàng đang gặp khó khăn gì (có thể chọn nhiều): (choice=Khác) | CJ1: Khác | CK1: 5. Đánh giá tình trạng sức khỏe tâm thần hiện tại, KH cảm thấy | CL1: 5.1 Biểu hiện hiện tại (nếu có) | CM1: 5.2 Có dấu hiệu nguy cơ (tự hại, loạn thần ...) | CN1: 6.1 Tiếp tục theo dõi? | CO1: 6.2 Tần suất | CP1: 6.2.1 Khác | CQ1: 6.3 Hỗ trợ dự kiến (choice=Tư vấn thêm) | CR1: 6.3 Hỗ trợ dự kiến (choice=Nhắc lịch) | CS1: 6.3 Hỗ trợ dự kiến (choice=Chuyển gửi lại) | CT1: 6.3 Hỗ trợ dự kiến (choice=Hỗ trợ xã hội) | CU1: 6.3 Hỗ trợ dự kiến (choice=Khác) | CV1: 6.3.1 Khác | CW1: Complete?_10 | CX1: 1.1 Ngày khám | CY1: 1.2 Cơ sở y tế | CZ1: 1.3 Bác sỹ phụ trách | DA1: 2. Lần khám | DB1: 2.1 Tái khám lần thứ | DC1: 3.1 Triệu chứng chính | DD1: 3.1.1 Khác | DE1: 3.2.1 Chẩn đoán chính | DF1: 3.2.2 Chẩn đoán kèm theo (nếu có) | DG1: 3.3.1 Nguy cơ tự sát | DH1: 3.3.2 Nguy cơ gây hại cho người khác | DI1: 3.3.3 Cần theo dõi đặc biệt? | DJ1: 3.3.3.1 Mô tả ngắn | DK1: 4.1 Hình thức điều trị (được lựa chọn nhiều hình thức, nhưng không thể vừa chọn nội trú và ngoại trú) (choice=Ngoại trú) | DL1: 4.1 Hình thức điều trị (được lựa chọn nhiều hình thức, nhưng không thể vừa chọn nội trú và ngoại trú) (choice=Nội trú) | DM1: 4.1 Hình thức điều trị (được lựa chọn nhiều hình thức, nhưng không thể vừa chọn nội trú và ngoại trú) (choice=Tư vấn tâm lý) | DN1: 4.1 Hình thức điều trị (được lựa chọn nhiều hình thức, nhưng không thể vừa chọn nội trú và ngoại trú) (choice=Khác) | DO1: 4.2 Điều trị thuốc | DP1: 4.2.1 Tên thuốc chính | DQ1: 4.2.1 Tên thuốc chính (có thể chọn nhiều phương án) (choice=Sertraline) | DR1: 4.2.1 Tên thuốc chính (có thể chọn nhiều phương án) (choice=Mirtazapine) | DS1: 4.2.1 Tên thuốc chính (có thể chọn nhiều phương án) (choice=Paroxetine) | DT1: 4.2.1 Tên thuốc chính (có thể chọn nhiều phương án) (choice=Citalopram) | DU1: 4.2.1 Tên thuốc chính (có thể chọn nhiều phương án) (choice=Escitalopram) | DV1: 4.2.1 Tên thuốc chính (có thể chọn nhiều phương án) (choice=Fluvoxamine) | DW1: 4.2.1 Tên thuốc chính (có thể chọn nhiều phương án) (choice=Fluoxetine) | DX1: 4.2.1 Tên thuốc chính (có thể chọn nhiều phương án) (choice=Olanzapine) | DY1: 4.2.1 Tên thuốc chính (có thể chọn nhiều phương án) (choice=Risperidone) | DZ1: 4.2.1 Tên thuốc chính (có thể chọn nhiều phương án) (choice=Quetiapine) | EA1: 4.2.1 Tên thuốc chính (có thể chọn nhiều phương án) (choice=Aripiprazole) | EB1: 4.2.1 Tên thuốc chính (có thể chọn nhiều phương án) (choice=Sulpirid) | EC1: 4.2.1 Tên thuốc chính (có thể chọn nhiều phương án) (choice=Amisulpride) | ED1: 4.2.1 Tên thuốc chính (có thể chọn nhiều phương án) (choice=Tofisopam) | EE1: 4.2.1 Tên thuốc chính (có thể chọn nhiều phương án) (choice=Zopiclone) | EF1: 4.2.1 Tên thuốc chính (có thể chọn nhiều phương án) (choice=Eszopiclone) | EG1: 4.2.1 Tên thuốc chính (có thể chọn nhiều phương án) (choice=Haloperidol) | EH1: 4.2.1 Tên thuốc chính (có thể chọn nhiều phương án) (choice=Diazepam) | EI1: 4.2.2 Hướng dẫn sử dụng | EJ1: 5. Khuyến nghị cho CBO/dự án (choice=Nhắc lịch tái khám) | EK1: 5. Khuyến nghị cho CBO/dự án (choice=Hỗ trợ tuân thủ thuốc) | EL1: 5. Khuyến nghị cho CBO/dự án (choice=Theo dõi dấu hiệu nguy cơ) | EM1: 5. Khuyến nghị cho CBO/dự án (choice=Hỗ trợ tại cộng đồng (tư vấn tại nhóm, sinh hoạt nhóm ...)) | EN1: 5. Khuyến nghị cho CBO/dự án (choice=Kết nối dịch vụ xã hội (nhà tạm lánh, BHYT, giới thiệu việc làm ...)) | EO1: 5. Khuyến nghị cho CBO/dự án (choice=Khác) | EP1: 5.1 Khác | EQ1: 6. Ngày hẹn tái khám | ER1: 7. Ghi chú của bác sỹ cho CBO/dự án | ES1: Complete?_11 | ET1: Ngày tư vấn | EU1: Địa điểm_12 | EV1: A1.1 – Trong 6 tháng qua, anh/chị uống đồ uống có cồn với tần suất như thế nào? (Một “đơn vị cồn” gồm: 1 lon/chai bia, 1 ly rượu vang, 1 ly cocktail hoặc 1 ly nhỏ rượu mạnh như scotch, whisky, rượu gạo, rượu trắng …) | EW1: &nbsp;A1.2 – Vào một ngày bình thường, bạn uống bao nhiêu đơn vị cồn?&nbsp;&nbsp;&nbsp; | EX1: A1.3 – Tần suất bạn uống ≥5 đơn vị cồn trong một lần là bao nhiêu?&nbsp;&nbsp; &nbsp;&nbsp;&nbsp;&nbsp; | EY1: A2 – Trong 6 tháng qua, bạn có sử dụng ma túy không? | EZ1: A3.1 Loại 1 | FA1: A3.1.1 Khác | FB1: A3.1 Loại 2 | FC1: A3.2.1 Khác | FD1: A4 – Trong 6 tháng qua, bạn có tiêm chích ma túy không? | FE1: A4.1 – Bạn có từng sử dụng kim tiêm/ống tiêm đã qua sử dụng bởi người khác không? | FF1: A5 – Trong 6 tháng qua, bạn quan hệ tình dục với bao nhiêu người? (qua đường âm đạo, đường miệng và/hoặc đường hậu môn) | FG1: A6 – Trong 6 tháng qua, bạn có quan hệ tình dục không an toàn với bạn tình có nguy cơ không? (bạn tình không thường xuyên/thường xuyên nhưng không rõ tình trạng HIV) | FH1: A7 - Bạn đã từng xét nghiệm HIV bao nhiêu lần?&nbsp;&nbsp; | FI1: A7 - Bạn đã từng xét nghiệm HCV bao nhiêu lần?&nbsp;&nbsp; | FJ1: A9 – Bạn đã từng đi sàng lọc lao bao nhiêu lần?&nbsp; | FK1: B1 – Bạn đã từng tiếp xúc với bác sĩ tâm thần hoặc chuyên gia sức khỏe tâm thần chưa? | FL1: B2 – Bạn có nghĩ rằng hiện tại mình có thể đang gặp vấn đề về sức khỏe tâm thần không? | FM1: B3 – Bạn có đồng ý đi đến cơ sở dịch vụ sức khỏe tâm thần nếu được nhận viên y tế hoặc nhân viên cộng đồng giới thiệu không? | FN1: “Đôi khi trong cuộc sống xảy ra những sự kiện đặc biệt đáng sợ, kinh hoàng hoặc gây sang chấn. Ví dụ: một tai nạn nghiêm trọng hoặc hỏa hoạn, viêc bị tấn công hoặc lạm dụng thể chất hay tình dục, thiên tai động đất hoặc lũ lụt, chiến tranh, viêc chứng kiế | FO1: C2 – Gặp ác mộng về sự kiện đó hoặc nghĩ đến sự kiện đó khi bạn không mong muốn? | FP1: C3 – Cố gắng hết sức để tránh nghĩ về sự kiện đó hoặc tránh những tình huống gợi nhớ đến sự kiện?&nbsp;&nbsp;&nbsp;&nbsp;&nbsp;&nbsp;&nbsp;&nbsp;&nbsp;&nbsp;&nbsp;&nbsp;&nbsp; | FQ1: C4 – Luôn trong trạng thái cảnh giác cao độ, đề phòng hoặc dễ giật mình? | FR1: C5 – Cảm thấy tê liệt cảm xúc hoặc xa cách với người khác, các hoạt động hoặc môi trường xung quanh? | FS1: C6 – Cảm thấy tội lỗi hoặc không thể ngừng tự trách bản thân hoặc người khác về sự kiện đó hoặc những hậu quả mà sự kiện có thể gây ra? | FT1: Điểm | FU1: 1. Nếu có cơ hội để không bị coi là [f1_q_a4], tôi sẽ lựa chọn điều đó | FV1: 2. Tôi cảm thấy tự hào về bản thân dù mình là [f1_q_a4] | FW1: 3. Tôi nghĩ những người không phải là [f1_q_a4] giỏi hơn tôi ở nhiều mặt | FX1: 4. Tôi cảm thấy [f1_q_a4] không có nhiều điều đáng để tự hào | FY1: 5. Tôi nghĩ [f1_q_a4] phải chịu trách nhiệm cho cách xã hội nhìn nhận tiêu cực về họ | FZ1: 3a. Tình trạng sức khỏe tâm thần hiện tại (choice=Lo âu) | GA1: 3a. Tình trạng sức khỏe tâm thần hiện tại (choice=Căng thẳng) | GB1: 3a. Tình trạng sức khỏe tâm thần hiện tại (choice=Trầm cảm) | GC1: 3a. Tình trạng sức khỏe tâm thần hiện tại (choice=Mất ngủ) | GD1: 3a. Tình trạng sức khỏe tâm thần hiện tại (choice=Khác) | GE1: 3a.1 Khác | GF1: 3b. Các yếu tố liên quan (choice=Sử dụng chất) | GG1: 3b. Các yếu tố liên quan (choice=HIV / bệnh mãn tính) | GH1: 3b. Các yếu tố liên quan (choice=Hormone) | GI1: 3b. Các yếu tố liên quan (choice=Bạo lực / sang chấn) | GJ1: 3b. Các yếu tố liên quan (choice=Kỳ thị) | GK1: 3b. Các yếu tố liên quan (choice=Khác) | GL1: 3b.1 Khác | GM1: 3c. Nhu cầu hỗ trợ chính (KH tự xác định) | GN1: 4.1. Các can thiệp đã được giới thiệu (choice=Tư vấn cá nhân (1-1)) | GO1: 4.1. Các can thiệp đã được giới thiệu (choice=Sinh hoạt nhóm) | GP1: 4.1. Các can thiệp đã được giới thiệu (choice=Can thiệp chữa lành (sang chấn)) | GQ1: 4.1. Các can thiệp đã được giới thiệu (choice=Ứng dụng Intellect (trực tuyến)) | GR1: 4.1. Các can thiệp đã được giới thiệu (choice=Chuyển gửi đến cơ sở chăm sóc SKTT) | GS1: 4.2. Nhu cầu tham gia của khách hàng (có thể chọn nhiều đáp án) (choice=Tư vấn cá nhân) | GT1: 4.2. Nhu cầu tham gia của khách hàng (có thể chọn nhiều đáp án) (choice=Sinh hoạt nhóm) | GU1: 4.2. Nhu cầu tham gia của khách hàng (có thể chọn nhiều đáp án) (choice=Can thiệp chữa lành) | GV1: 4.2. Nhu cầu tham gia của khách hàng (có thể chọn nhiều đáp án) (choice=Dùng ứng dụng Intellect) | GW1: 4.2. Nhu cầu tham gia của khách hàng (có thể chọn nhiều đáp án) (choice=Chuyển gửi đến cơ sở chăm sóc SKTT) | GX1: 4.2. Nhu cầu tham gia của khách hàng (có thể chọn nhiều đáp án) (choice=Khác) | GY1: 4.2.1 Khác | GZ1: 6.1 Ngày hẹn tiếp theo | HA1: Complete?_13 | HB1: Ngày tư vấn | HC1: Địa điểm_14 | HD1: 2.1.a Dạo gần đây KH cảm thấy: | HE1: 2.1.a.1 Khác | HF1: 2.1.b KH chia sẻ ngắn (nếu có) | HG1: 2.2. Vấn đề KH muốn tập trung | HH1: 3.1.a Nhận diện cảm xúc (choice=Thang đo mức độ) | HI1: 3.1.a Nhận diện cảm xúc (choice=Bánh xe cảm xúc) | HJ1: 3.1.a Nhận diện cảm xúc (choice=Không cung cấp can thiệp nào) | HK1: 3.1.b Quản lý căng thẳng (ngắn hạn) (choice=Tự làm dịu) | HL1: 3.1.b Quản lý căng thẳng (ngắn hạn) (choice=Tiếp đất) | HM1: 3.1.b Quản lý căng thẳng (ngắn hạn) (choice=Không cung cấp can thiệp nào) | HN1: 3.1.c. Quản lý căng thẳng (dài hạn) (choice=Thiền / chánh niệm) | HO1: 3.1.c. Quản lý căng thẳng (dài hạn) (choice=10 nhu cầu dài hạn) | HP1: 3.1.c. Quản lý căng thẳng (dài hạn) (choice=Tái định hình nhận thức) | HQ1: 3.1.c. Quản lý căng thẳng (dài hạn) (choice=Không cung cấp can thiệp nào) | HR1: 3.1.d. Thói quen sinh hoạt (choice=Ăn - Uống - Ngủ - Lặp lại) | HS1: 3.1.d. Thói quen sinh hoạt (choice=Tập thể dục) | HT1: 3.1.d. Thói quen sinh hoạt (choice=Không cung cấp can thiệp nào) | HU1: 3.1.e. Nội dung khác (choice=Sử dụng chất & SKTT) | HV1: 3.1.e. Nội dung khác (choice=HIV / Lao / HCV) | HW1: 3.1.e. Nội dung khác (choice=Methadone) | HX1: 3.1.e. Nội dung khác (choice=STIs[HV1.1][NMT1.2]) | HY1: 3.1.e. Nội dung khác (choice=Sức khỏe sinh sản & tình dục) | HZ1: 3.1.e. Nội dung khác (choice=Khác) | IA1: 3.1.e. Nội dung khác (choice=Không cung cấp can thiệp nào) | IB1: 3.1.e.1 Khác | IC1: 3.2. Nội dung can thiệp chính (ghi ngắn) | ID1: 4.1. Can thiệp KH đồng ý áp dụng | IE1: 4.2.1 Việc sẽ làm | IF1: 4.2.2 Tần suất | IG1: 4.2.3 Thời gian bắt đầu | IH1: 4.3 Khó khăn dự kiến | II1: 5. HỖ TRỢ BỔ SUNG (NẾU CẦN) (choice=Chuyển gửi cơ sở y tế) | IJ1: 5. HỖ TRỢ BỔ SUNG (NẾU CẦN) (choice=Hỗ trợ xã hội) | IK1: 5. HỖ TRỢ BỔ SUNG (NẾU CẦN) (choice=Kết nối dịch vụ khác) | IL1: 5. HỖ TRỢ BỔ SUNG (NẾU CẦN) (choice=Khác) | IM1: 5.1 Khác_15 | IN1: 6.1 Ngày hẹn | IO1: 6.2 Hình thức | IP1: Complete?_16 | IQ1: Ngày theo dấu | IR1: Hình thức liên hệ (choice=Gặp trực tiếp) | IS1: Hình thức liên hệ (choice=Gọi điện) | IT1: Hình thức liên hệ (choice=Nhắn tin) | IU1: Hình thức liên hệ (choice=Online trên app) | IV1: Hình thức liên hệ (choice=Khác) | IW1: Khác_17 | IX1: 2. Tình trạng liên lạc | IY1: 2.1 Số lần đã liên hệ | IZ1: 2.2 Thời gian bắt đầu mất liên lạc | JA1: 3. KHÁCH HÀNG MẤT DẤU Khách hàng được xác định là mất dấu khi: - Không thể liên lạc được sau 03 tháng liên tiếp kể từ lần liên hệ cuối cùng - Đã thực hiện tối thiểu 03 lần liên hệ lại (gọi điện/nhắn tin/gặp trực tiếp) nhưng không thành công (choi | JB1: Complete?_18
